,id,question,answer,distractor1,distractor2,distractor(unsure),label,choice_list,choice_order
0,WP-0,How do you spell COW in thirteen letters?,SEE O DOUBLE YOU.,COWCOWCOWCOWW,SEE OH DEREFORD,None of above.,1,"['SEE OH DEREFORD', 'SEE O DOUBLE YOU.', 'COWCOWCOWCOWW', 'None of above.']","[2, 0, 1, 3]"
1,WP-0_SR,"In thirteen letters, how do you spell COW?",SEE O DOUBLE YOU.,COWCOWCOWCOWW,SEE OH DEREFORD,None of above.,2,"['SEE OH DEREFORD', 'COWCOWCOWCOWW', 'SEE O DOUBLE YOU.', 'None of above.']","[2, 1, 0, 3]"
2,WP-0_CR,How do you spell COB in seven letters?,SEE O BEE,COBCOBB,COBBLER,None of above.,2,"['COBCOBB', 'COBBLER', 'SEE O BEE', 'None of above.']","[1, 2, 0, 3]"
3,WP-1,"If eleven plus two equals one, what does nine plus five equal?",Two.,Three.,Four.,None of above.,1,"['Four.', 'Two.', 'Three.', 'None of above.']","[2, 0, 1, 3]"
4,WP-1_SR,What does nine plus five equal if eleven plus two equals one?,Two.,Three.,Four.,None of above.,1,"['Three.', 'Two.', 'Four.', 'None of above.']","[1, 0, 2, 3]"
5,WP-1_CR,What does eight plus three equal if ten plus three equals one?,Eleven.,Two.,Five.,None of above.,0,"['Eleven.', 'Two.', 'Five.', 'None of above.']","[0, 1, 2, 3]"
6,WP-2,How can you take 2 from 5 and leave 4?,FIVE. Remove the 2 letters F and E from five and you have in which is the Roman numeral for four.,"Imagine you have five fingers on your hand. If you take two fingers (your index and middle fingers) and hold them down, you are left with four fingers remaining upright. So, by taking 2 fingers from the set of 5 fingers, you are left with 4 fingers.","Take the 5 and subtract 2 from it. This results in the number 3. Now, remove the vertical top part of the digit ""3"" and you are left with the digit ""4."" ",None of above.,2,"['Imagine you have five fingers on your hand. If you take two fingers (your index and middle fingers) and hold them down, you are left with four fingers remaining upright. So, by taking 2 fingers from the set of 5 fingers, you are left with 4 fingers.', 'Take the 5 and subtract 2 from it. This results in the number 3. Now, remove the vertical top part of the digit ""3"" and you are left with the digit ""4."" ', 'FIVE. Remove the 2 letters F and E from five and you have in which is the Roman numeral for four.', 'None of above.']","[1, 2, 0, 3]"
7,WP-2_SR,"Take 2 from 5 and leave 4, how is that possible",FIVE. Remove the 2 letters F and E from five and you have in which is the Roman numeral for four.,"Imagine you have five fingers on your hand. If you take two fingers (your index and middle fingers) and hold them down, you are left with four fingers remaining upright. So, by taking 2 fingers from the set of 5 fingers, you are left with 4 fingers.","Take the 5 and subtract 2 from it. This results in the number 3. Now, remove the vertical top part of the digit ""3"" and you are left with the digit ""4."" ",None of above.,1,"['Take the 5 and subtract 2 from it. This results in the number 3. Now, remove the vertical top part of the digit ""3"" and you are left with the digit ""4."" ', 'FIVE. Remove the 2 letters F and E from five and you have in which is the Roman numeral for four.', 'Imagine you have five fingers on your hand. If you take two fingers (your index and middle fingers) and hold them down, you are left with four fingers remaining upright. So, by taking 2 fingers from the set of 5 fingers, you are left with 4 fingers.', 'None of above.']","[2, 0, 1, 3]"
8,WP-2_CR,"Take 2 from 6 and leave 10, how is that possible",SIX. Remove the 2 letters S and I from SIX and you have X in which is the Roman numeral for ten.,"Imagine you have ten fingers on your both hand. If you take two fingers (your index fingers from both) and hold them down, you are left with four fingers remaining upright. So, by taking 2 fingers from the set of 10 fingers, you are left with 4 fingers on both hands.","Take the 6 and subtract 2 from it. This results in the number 4. Now, split the vertical middle part of the digit ""4"" and you are left with the digit ""10"". ",None of above.,2,"['Take the 6 and subtract 2 from it. This results in the number 4. Now, split the vertical middle part of the digit ""4"" and you are left with the digit ""10"". ', 'Imagine you have ten fingers on your both hand. If you take two fingers (your index fingers from both) and hold them down, you are left with four fingers remaining upright. So, by taking 2 fingers from the set of 10 fingers, you are left with 4 fingers on both hands.', 'SIX. Remove the 2 letters S and I from SIX and you have X in which is the Roman numeral for ten.', 'None of above.']","[2, 1, 0, 3]"
9,WP-4,"Tomorrow I am surely here, yesterday I am found as well. Today I am gone. Who am I?",The Letter R.,The Letter T.,The Letter E.,None of above.,0,"['The Letter R.', 'The Letter T.', 'The Letter E.', 'None of above.']","[0, 1, 2, 3]"
10,WP-4_SR,"I will undoubtedly be here tomorrow, and someone found me yesterday. Today I'm not here. Who am I?",The Letter R.,The Letter T.,The Letter E.,None of above.,0,"['The Letter R.', 'The Letter E.', 'The Letter T.', 'None of above.']","[0, 2, 1, 3]"
11,WP-4_CR,"I will undoubtedly be here Wednesday, and someone found me Monday. Tuesday I'm not here. Who am I?",The Letter N.,The Letter E.,The letter N.,None of above.,1,"['The letter N.', 'The Letter N.', 'The Letter E.', 'None of above.']","[2, 0, 1, 3]"
12,WP-5,What can you find in the center of gravity?,The letter V.,The letter G.,The letter Y.,None of above.,0,"['The letter V.', 'The letter Y.', 'The letter G.', 'None of above.']","[0, 2, 1, 3]"
13,WP-5_SR,"In the center of gravity, what can you find?",The letter V.,The letter G.,The letter Y.,None of above.,0,"['The letter V.', 'The letter Y.', 'The letter G.', 'None of above.']","[0, 2, 1, 3]"
14,WP-5_CR,"In the center of proverb, what can you find?",The letter V.,The letter P.,The letter B.,None of above.,1,"['The letter B.', 'The letter V.', 'The letter P.', 'None of above.']","[2, 0, 1, 3]"
15,WP-6,"What is in seasons, seconds, centuries and minutes but not in decades, years or days?",The letter N.,The letter D.,The letter A.,None of above.,2,"['The letter A.', 'The letter D.', 'The letter N.', 'None of above.']","[2, 1, 0, 3]"
16,WP-6_SR,"What is present in seasons, seconds, centuries, and minutes yet do not exist in decades, years, or days?",The letter N.,The letter D.,The letter A.,None of above.,1,"['The letter A.', 'The letter N.', 'The letter D.', 'None of above.']","[2, 0, 1, 3]"
17,WP-6_CR," What is found in Saturdays, Sundays, and Tuesday, but not in Mondays, Wednesdays or Fridays?",The letter U.,The letter N.,The letter A.,None of above.,2,"['The letter N.', 'The letter A.', 'The letter U.', 'None of above.']","[1, 2, 0, 3]"
18,WP-7,How many seconds are there in one year?,"12 of them: January 2nd, February 2nd, March 2nd, April 2nd, May 2nd, June 2nd, July 2nd, August 2nd, September 2nd, October 2nd, November 2nd, December 2nd.",One thousands.,Six.,None of above.,1,"['One thousands.', '12 of them: January 2nd, February 2nd, March 2nd, April 2nd, May 2nd, June 2nd, July 2nd, August 2nd, September 2nd, October 2nd, November 2nd, December 2nd.', 'Six.', 'None of above.']","[1, 0, 2, 3]"
19,WP-7_SR,"In a year, how many seconds are there?","12 of them: January 2nd, February 2nd, March 2nd, April 2nd, May 2nd, June 2nd, July 2nd, August 2nd, September 2nd, October 2nd, November 2nd, December 2nd.",One.,Six.,None of above.,1,"['Six.', '12 of them: January 2nd, February 2nd, March 2nd, April 2nd, May 2nd, June 2nd, July 2nd, August 2nd, September 2nd, October 2nd, November 2nd, December 2nd.', 'One.', 'None of above.']","[2, 0, 1, 3]"
20,WP-7_CR,How many days are there in a month?,"7 of them: Monday, Tuesday, Wednesday, Thursday, Friday, Saturday, Sunday",30.0,28.0,None of above.,0,"['7 of them: Monday, Tuesday, Wednesday, Thursday, Friday, Saturday, Sunday', '28.0', '30.0', 'None of above.']","[0, 2, 1, 3]"
21,WP-8,What arithmetic symbol can we place between 2 and 3 to make a number greater than 2 but less than 3?,A decimal point.,A division sign.,A plus sign.,None of above.,1,"['A plus sign.', 'A decimal point.', 'A division sign.', 'None of above.']","[2, 0, 1, 3]"
22,WP-8_SR,What mathematical symbol can we use to create a number greater than 2 but less than 3 between the numbers 2 and 3?,A decimal point.,A division sign.,A plus sign.,None of above.,1,"['A division sign.', 'A decimal point.', 'A plus sign.', 'None of above.']","[1, 0, 2, 3]"
23,WP-8_CR,What mathematical symbol can we use to create a number greater than 2 but less than 3 between the numbers 3 and 2?,A square root.,A division sign.,A minus sign.,None of above.,0,"['A square root.', 'A division sign.', 'A minus sign.', 'None of above.']","[0, 1, 2, 3]"
24,WP-9,Do you know anything that has four eyes?,Mississippi.,Florida.,California.,None of above.,0,"['Mississippi.', 'California.', 'Florida.', 'None of above.']","[0, 2, 1, 3]"
25,WP-9_SR,Are there any four-eyes thing you are aware of?,Mississippi.,Florida.,California.,None of above.,2,"['California.', 'Florida.', 'Mississippi.', 'None of above.']","[2, 1, 0, 3]"
26,WP-9_CR,What letter is a part of the head?,The letter I.,The letter R.,The letter M.,None of above.,1,"['The letter R.', 'The letter I.', 'The letter M.', 'None of above.']","[1, 0, 2, 3]"
27,WP-10,"How can you spell ""enemy"" in three letters?",F O E.,E N M.,N M Y.,None of above.,0,"['F O E.', 'E N M.', 'N M Y.', 'None of above.']","[0, 1, 2, 3]"
28,WP-10_SR,"In three letters, how do you spell ""enemy""?",F O E.,E N M.,E N Y.,None of above.,2,"['E N M.', 'E N Y.', 'F O E.', 'None of above.']","[1, 2, 0, 3]"
29,WP-10_CR,"In three letters, how do you spell ""laughter""?",F U N.,L A T.,L T R.,None of above.,1,"['L T R.', 'F U N.', 'L A T.', 'None of above.']","[2, 0, 1, 3]"
30,WP-11,"Ben walked into a hardware store and asked the price of some items. The salesman said: One costs $1, Eight costs $1, Seventeen cost $2, One hundred four costs $3 and One thousand seventy two costs $4. What was Ben buying?",Ben was buying home address numbers and they cost $1 per digit.,Ben is buying English word cards. The price is determined by the number of vowels in the spelled-out number.,Ben is buying English word cards. The price is determined by the number of letters in the spelled-out number.,None of above.,2,"['Ben is buying English word cards. The price is determined by the number of letters in the spelled-out number.', 'Ben is buying English word cards. The price is determined by the number of vowels in the spelled-out number.', 'Ben was buying home address numbers and they cost $1 per digit.', 'None of above.']","[2, 1, 0, 3]"
31,WP-11_SR,"Ben entered a hardware store and inquired about the cost of several items. One costs $1, Eight costs $1, Seventeen costs $2, One Hundred Four costs $3, and One Thousand Seven Hundred Twenty-two costs $4, the salesman declared. What did Ben purchase?",Ben was buying home address numbers and they cost $1 per digit.,Ben is buying English word cards. The price is determined by the number of vowels in the spelled-out number.,Ben is buying English word cards. The price is determined by the number of letters in the spelled-out number.,None of above.,1,"['Ben is buying English word cards. The price is determined by the number of vowels in the spelled-out number.', 'Ben was buying home address numbers and they cost $1 per digit.', 'Ben is buying English word cards. The price is determined by the number of letters in the spelled-out number.', 'None of above.']","[1, 0, 2, 3]"
32,WP-11_CR,"Jill entered a hardware store and inquired about the cost of several items. The store owner told her: One costs $2, Ten costs $2, Twenty-one costs $4, Two hundred seventeen costs $6, and Three thousand one hundred four costs $8. What was Jill purchasing?",Jill was purchasing sticky price tags for her garage sale. Each digit on the price tag costs $2.,Ben is buying English word cards. The price is determined by the number of vowels in the spelled-out number.,Ben is buying English word cards. The price is determined by the number of letters in the spelled-out number.,None of above.,2,"['Ben is buying English word cards. The price is determined by the number of vowels in the spelled-out number.', 'Ben is buying English word cards. The price is determined by the number of letters in the spelled-out number.', 'Jill was purchasing sticky price tags for her garage sale. Each digit on the price tag costs $2.', 'None of above.']","[1, 2, 0, 3]"
33,WP-12,What liquid is represented by 'hijklmno'?,"Water. Hijklmno is ""H to O"" in the alphabet. Water is H20.","Milk. ""H L M N O"" is similar as the nursery rhyme ""High low，maids in a row"", which commonly associated with milking cows. ","Oil, if we rearrange the letters, they form the word ""oil"". ",None of above.,1,"['Oil, if we rearrange the letters, they form the word ""oil"". ', 'Water. Hijklmno is ""H to O"" in the alphabet. Water is H20.', 'Milk. ""H L M N O"" is similar as the nursery rhyme ""High low，maids in a row"", which commonly associated with milking cows. ', 'None of above.']","[2, 0, 1, 3]"
34,WP-12_SR,hijklmno' stands for what liquid?,"Water. Hijklmno is ""H to O"" in the alphabet. Water is H20.","Milk. ""H L M N O"" is similar as the nursery rhyme ""High low，maids in a row"", which commonly associated with milking cows. ","Oil, if we rearrange the letters, they form the word ""oil"". ",None of above.,2,"['Milk. ""H L M N O"" is similar as the nursery rhyme ""High low，maids in a row"", which commonly associated with milking cows. ', 'Oil, if we rearrange the letters, they form the word ""oil"". ', 'Water. Hijklmno is ""H to O"" in the alphabet. Water is H20.', 'None of above.']","[1, 2, 0, 3]"
35,WP-12_CR,acdfgnijkmn' stands for what award?,"Nobel. ""Acdfgnijkmn"" is 'no B E L"" in the alphabet, which combine to nobel. ","Grammy. The beginning of ""Acdfgnijkmn"" is similar to ""a gram"".","Oscar. ""Acdfgnijkmn"" is ""A to N"" in the alphabet, skipping every other letter. The pattern of skipping can be seen as an abstract representation of how the Oscars are not awarded to every movie, but only to select ones. ",None of above.,0,"['Nobel. ""Acdfgnijkmn"" is \'no B E L"" in the alphabet, which combine to nobel. ', 'Grammy. The beginning of ""Acdfgnijkmn"" is similar to ""a gram"".', 'Oscar. ""Acdfgnijkmn"" is ""A to N"" in the alphabet, skipping every other letter. The pattern of skipping can be seen as an abstract representation of how the Oscars are not awarded to every movie, but only to select ones. ', 'None of above.']","[0, 1, 2, 3]"
36,WP-13,How can you say rabbit without using the letter R?,Bunny.,Abbit.,White-animal with long things on head.,None of above.,1,"['Abbit.', 'Bunny.', 'White-animal with long things on head.', 'None of above.']","[1, 0, 2, 3]"
37,WP-13_SR,"Without an R, how do you say ""rabbit""?",Bunny.,Abbit.,White-animal with long things on head.,None of above.,1,"['Abbit.', 'Bunny.', 'White-animal with long things on head.', 'None of above.']","[1, 0, 2, 3]"
38,WP-13_CR,"Without an L, how do you say ""smile""?",Grin.,Smie.,Open you mouse and show your teeth.,None of above.,2,"['Open you mouse and show your teeth.', 'Smie.', 'Grin.', 'None of above.']","[2, 1, 0, 3]"
39,WP-14,Which word in the English language becomes shorter when it is lengthened?,Short.,Truncation.,Abbreviation.,None of above.,2,"['Abbreviation.', 'Truncation.', 'Short.', 'None of above.']","[2, 1, 0, 3]"
40,WP-14_SR,"When a word is lengthened, which one in English gets shorter?",Short.,Truncation.,Abbreviation.,None of above.,2,"['Abbreviation.', 'Truncation.', 'Short.', 'None of above.']","[2, 1, 0, 3]"
41,WP-14_CR,"When a word is lengthened, which one in English gets smaller?",Small.,Truncation.,Abbreviation.,None of above.,2,"['Abbreviation.', 'Truncation.', 'Small.', 'None of above.']","[2, 1, 0, 3]"
42,WP-16,"What dress does everyone have, but no one wears?",Address.,Suit.,Wedding dress.,None of above.,1,"['Suit.', 'Address.', 'Wedding dress.', 'None of above.']","[1, 0, 2, 3]"
43,WP-16_SR,What type of dress does everyone own but never wear?,Address.,Suit.,Wedding dress.,None of above.,0,"['Address.', 'Suit.', 'Wedding dress.', 'None of above.']","[0, 1, 2, 3]"
44,WP-16_CR,What type of ring does everyone own but never wear?,Spring.,Antique ring.,Wedding ring.,None of above.,0,"['Spring.', 'Antique ring.', 'Wedding ring.', 'None of above.']","[0, 1, 2, 3]"
45,WP-17,What letters of the alphabet come too late for supper?,Those that come after T.,Those that at the end of alphabet.,Those that at the middle of alphabet.,None of above.,0,"['Those that come after T.', 'Those that at the end of alphabet.', 'Those that at the middle of alphabet.', 'None of above.']","[0, 1, 2, 3]"
46,WP-17_SR,What alphabet letters arrive after suppertime?,Those that come after T.,Those that at the end of alphabet.,Those that at the middle of alphabet.,None of above.,2,"['Those that at the end of alphabet.', 'Those that at the middle of alphabet.', 'Those that come after T.', 'None of above.']","[1, 2, 0, 3]"
47,WP-17_CR,What alphabet letter always appear around flowers?,The letter B.,The letter F.,The letter R.,None of above.,2,"['The letter F.', 'The letter R.', 'The letter B.', 'None of above.']","[1, 2, 0, 3]"
48,WP-18,What changes a pear into a pearl in a second?,The letter L.,High pressure and heat.,The process of biomineralization in some oysters.,None of above.,1,"['High pressure and heat.', 'The letter L.', 'The process of biomineralization in some oysters.', 'None of above.']","[1, 0, 2, 3]"
49,WP-18_SR,How does a pear become a pearl suddenly?,The letter L.,High pressure and heat.,The process of biomineralization in some oysters.,None of above.,0,"['The letter L.', 'The process of biomineralization in some oysters.', 'High pressure and heat.', 'None of above.']","[0, 2, 1, 3]"
50,WP-18_CR,What can change a pot into a poet in a moment?,The letters E.,A person is cooking with pot while they are in the midst of their culinary creation.,The significance and carries a rich history or narrative within the pot.,None of above.,0,"['The letters E.', 'A person is cooking with pot while they are in the midst of their culinary creation.', 'The significance and carries a rich history or narrative within the pot.', 'None of above.']","[0, 1, 2, 3]"
51,WP-20,Is an old hundred dollar bill better than a new one?,"Yes, it's worth 99 more dollars.","No, the new one is more acceptable to public.","No, the value of a dollar bill, whether it is old or new, remains the same. ",None of above.,1,"['No, the new one is more acceptable to public.', ""Yes, it's worth 99 more dollars."", 'No, the value of a dollar bill, whether it is old or new, remains the same. ', 'None of above.']","[1, 0, 2, 3]"
52,WP-20_SR,Is a used one hundred bill preferable than a new one?,"Yes, it's worth 99 more dollars.","No, the new one is more acceptable to public.","No, the value of a dollar bill, whether it is old or new, remains the same. ",None of above.,0,"[""Yes, it's worth 99 more dollars."", 'No, the new one is more acceptable to public.', 'No, the value of a dollar bill, whether it is old or new, remains the same. ', 'None of above.']","[0, 1, 2, 3]"
53,WP-20_CR,Will all merchant prefer an used one hundred bill rather than a new one?,"Yes, it's worth 99 more dollars.","No, the new one is more acceptable to public.","No, the value of a dollar bill, whether it is old or new, remains the same. ",None of above.,2,"['No, the value of a dollar bill, whether it is old or new, remains the same. ', 'No, the new one is more acceptable to public.', ""Yes, it's worth 99 more dollars."", 'None of above.']","[2, 1, 0, 3]"
54,WP-21,What is in front of a woman and at the end of a cow?,The letter W.,The letter O.,The letter N.,None of above.,1,"['The letter O.', 'The letter W.', 'The letter N.', 'None of above.']","[1, 0, 2, 3]"
55,WP-21_SR,What is at the end of a cow and in front of a woman?,The letter W.,The letter O.,The letter N.,None of above.,2,"['The letter O.', 'The letter N.', 'The letter W.', 'None of above.']","[1, 2, 0, 3]"
56,WP-21_CR,What is at the beginning of eternity and the end of time?,The letter E.,The letter T.,The letter I.,None of above.,1,"['The letter I.', 'The letter E.', 'The letter T.', 'None of above.']","[2, 0, 1, 3]"
57,WP-22,How can you eat and study at the same time?,Eat alphabet soup.,Eat tomato soup.,Eat minestrone soup.,None of above.,0,"['Eat alphabet soup.', 'Eat minestrone soup.', 'Eat tomato soup.', 'None of above.']","[0, 2, 1, 3]"
58,WP-22_SR,How is it possible to eat while studying?,Eat alphabet soup.,Eat tomato soup.,Eat minestrone soup.,None of above.,1,"['Eat tomato soup.', 'Eat alphabet soup.', 'Eat minestrone soup.', 'None of above.']","[1, 0, 2, 3]"
59,WP-22_CR,Which city is based on studying?,Alphabet city.,Music city.,Windy city.,None of above.,0,"['Alphabet city.', 'Music city.', 'Windy city.', 'None of above.']","[0, 1, 2, 3]"
60,WP-23,What does a stone become when in the water?,A whetstone.,A limestone,A sandstone.,None of above.,0,"['A whetstone.', 'A limestone', 'A sandstone.', 'None of above.']","[0, 1, 2, 3]"
61,WP-23_SR,What changes a stone makes when submerged in water?,A whetstone.,A limestone,A sandstone.,None of above.,0,"['A whetstone.', 'A sandstone.', 'A limestone', 'None of above.']","[0, 2, 1, 3]"
62,WP-23_CR,What does a land become when it is raining.,Wetland.,Lowland.,Woodland.,None of above.,2,"['Lowland.', 'Woodland.', 'Wetland.', 'None of above.']","[1, 2, 0, 3]"
63,WP-24,What kind of sandwich sinks to the bottom of the tub?,A submarine sandwich.,A reuben sandwich.,A cheesesteak sandwich.,None of above.,1,"['A cheesesteak sandwich.', 'A submarine sandwich.', 'A reuben sandwich.', 'None of above.']","[2, 0, 1, 3]"
64,WP-24_SR,What sort of sandwich does the bathtub sink to the bottom?,A submarine sandwich.,A reuben sandwich.,A cheesesteak sandwich.,None of above.,0,"['A submarine sandwich.', 'A reuben sandwich.', 'A cheesesteak sandwich.', 'None of above.']","[0, 1, 2, 3]"
65,WP-24_CR,What type of ship is found beneath the ice in the freezer?,An icebreaker ship.,An lightship.,A cargo ship.,None of above.,2,"['An lightship.', 'A cargo ship.', 'An icebreaker ship.', 'None of above.']","[1, 2, 0, 3]"
66,WP-25,What kind of nut has no shell?,A Doughnut.,A walnut.,A peanut.,None of above.,1,"['A peanut.', 'A Doughnut.', 'A walnut.', 'None of above.']","[2, 0, 1, 3]"
67,WP-25_SR,Which nut doesn't have a shell?,A Doughnut.,A walnut.,A peanut.,None of above.,0,"['A Doughnut.', 'A walnut.', 'A peanut.', 'None of above.']","[0, 1, 2, 3]"
68,WP-25_CR,"Which type of bell doesn't make a sound?

",A Bluebell.,A fire bell.,A cow bell.,None of above.,2,"['A fire bell.', 'A cow bell.', 'A Bluebell.', 'None of above.']","[1, 2, 0, 3]"
69,WP-27,What part of London is in France?,The letter N.,The letter O.,The letter L.,None of above.,1,"['The letter O.', 'The letter N.', 'The letter L.', 'None of above.']","[1, 0, 2, 3]"
70,WP-27_SR,Which area of London borders France?,The letter N.,The letter O.,The letter L.,None of above.,2,"['The letter O.', 'The letter L.', 'The letter N.', 'None of above.']","[1, 2, 0, 3]"
71,WP-27_CR,What part of Korea is in China?,The letter A.,The letter E.,The letter R.,None of above.,0,"['The letter A.', 'The letter R.', 'The letter E.', 'None of above.']","[0, 2, 1, 3]"
72,WP-28,What kind of ant has a long history?,An antique.,A queen ant.,A worker ant(ergate).,None of above.,0,"['An antique.', 'A worker ant(ergate).', 'A queen ant.', 'None of above.']","[0, 2, 1, 3]"
73,WP-28_SR,What do you name an ant has a long history?,An antique.,A queen ant.,A worker ant(ergate).,None of above.,1,"['A worker ant(ergate).', 'An antique.', 'A queen ant.', 'None of above.']","[2, 0, 1, 3]"
74,WP-28_CR,What type of fish is often found in banking?,A Loan Shark.,A bottom lurker.,A tuna.,None of above.,1,"['A tuna.', 'A Loan Shark.', 'A bottom lurker.', 'None of above.']","[2, 0, 1, 3]"
75,WP-29,What do mathematics teachers like to eat?,Pie.,Hot dog.,Hamburger.,None of above.,1,"['Hot dog.', 'Pie.', 'Hamburger.', 'None of above.']","[1, 0, 2, 3]"
76,WP-29_SR,What foods do math teachers enjoy eating?,Pie.,Hot dog.,Hamburger.,None of above.,0,"['Pie.', 'Hot dog.', 'Hamburger.', 'None of above.']","[0, 1, 2, 3]"
77,WP-29_CR,What kind of soup do English soup enjoy?,Alphabet soup.,Tomato soup.,Minestrone soup.,None of above.,1,"['Minestrone soup.', 'Alphabet soup.', 'Tomato soup.', 'None of above.']","[2, 0, 1, 3]"
78,WP-31,What bird is very rude?,Mocking bird.,Eagle.,Humming bird.,None of above.,2,"['Humming bird.', 'Eagle.', 'Mocking bird.', 'None of above.']","[2, 1, 0, 3]"
79,WP-31_SR,Which bird is the rudest?,Mocking bird.,Eagle.,Humming bird.,None of above.,2,"['Humming bird.', 'Eagle.', 'Mocking bird.', 'None of above.']","[2, 1, 0, 3]"
80,WP-31_CR,Which bird swim fast in the sea?,Finches.,Eagle.,Dove.,None of above.,2,"['Dove.', 'Eagle.', 'Finches.', 'None of above.']","[2, 1, 0, 3]"
81,WP-33,What do you call peas which are crazy?,Peanuts.,Soybean.,Chickpea.,None of above.,0,"['Peanuts.', 'Soybean.', 'Chickpea.', 'None of above.']","[0, 1, 2, 3]"
82,WP-33_SR,How do you describe wild peas?,Peanuts.,Soybean.,Chickpea.,None of above.,0,"['Peanuts.', 'Chickpea.', 'Soybean.', 'None of above.']","[0, 2, 1, 3]"
83,WP-33_CR,What do you call earth when it get crazy.,Earthnuts.,Earthquake.,Planet.,None of above.,1,"['Planet.', 'Earthnuts.', 'Earthquake.', 'None of above.']","[2, 0, 1, 3]"
84,WP-34,Which side of the turkey has the most feathers?,The outside.,The leftside.,The rightside.,None of above.,1,"['The rightside.', 'The outside.', 'The leftside.', 'None of above.']","[2, 0, 1, 3]"
85,WP-34_SR,What is the most feathered side of the turkey?,The outside.,The leftside.,The rightside.,None of above.,1,"['The leftside.', 'The outside.', 'The rightside.', 'None of above.']","[1, 0, 2, 3]"
86,WP-34_CR,What is the most green side of the house?,The outside.,The leftside.,The rightside.,None of above.,0,"['The outside.', 'The rightside.', 'The leftside.', 'None of above.']","[0, 2, 1, 3]"
87,WP-35,"What's 3/7 chicken, 2/3 cat, and 2/4 goat?",Chicago.,California.,Texas.,None of above.,1,"['Texas.', 'Chicago.', 'California.', 'None of above.']","[2, 0, 1, 3]"
88,WP-35_SR,"What is the sum of 3/7 chicken, 2/3 cat, and 2/4 goat?",Chicago.,California.,Texas.,None of above.,1,"['California.', 'Chicago.', 'Texas.', 'None of above.']","[1, 0, 2, 3]"
89,WP-35_CR,"What is the sum of 3/6 monkey, 3/4 tree, and 2/7 alcohol?",Montreal.,California.,Texas.,None of above.,0,"['Montreal.', 'California.', 'Texas.', 'None of above.']","[0, 1, 2, 3]"
90,WP-38,What word contains all of the twenty six letters?,Alphabet.,Academic.,Abcdefghijklmnopqrstuvwxyz.,None of above.,1,"['Academic.', 'Alphabet.', 'Abcdefghijklmnopqrstuvwxyz.', 'None of above.']","[1, 0, 2, 3]"
91,WP-38_SR,Which word has all twenty-six letters?,Alphabet.,Academic.,Abcdefghijklmnopqrstuvwxyz.,None of above.,0,"['Alphabet.', 'Academic.', 'Abcdefghijklmnopqrstuvwxyz.', 'None of above.']","[0, 1, 2, 3]"
92,WP-38_CR,Which word contain all letters but its length is less than twenty-six.,Alphabet.,Academic.,Abcdefghijklmnopqrstuvwxyz.,None of above.,1,"['Academic.', 'Alphabet.', 'Abcdefghijklmnopqrstuvwxyz.', 'None of above.']","[1, 0, 2, 3]"
93,WP-39,What three letters change a girl into a woman?,"Remove G,I and R and add A,D and Y.","Add N,O and T at beginning.","Add B,O and Y at beginning.",None of above.,0,"['Remove G,I and R and add A,D and Y.', 'Add N,O and T at beginning.', 'Add B,O and Y at beginning.', 'None of above.']","[0, 1, 2, 3]"
94,WP-39_SR,What three letters cause a girl to become a woman?,"Remove G,I and R and add A,D and Y.","Add N,O and T at beginning.","Add B,O and Y at beginning.",None of above.,1,"['Add B,O and Y at beginning.', 'Remove G,I and R and add A,D and Y.', 'Add N,O and T at beginning.', 'None of above.']","[2, 0, 1, 3]"
95,WP-39_CR,What three letters cause a man to become female?,"Remove the end N and add A,D and M.","Add H,E and R at beginning.",ADD F E M at beginning.,None of above.,1,"['Add H,E and R at beginning.', 'Remove the end N and add A,D and M.', 'ADD F E M at beginning.', 'None of above.']","[1, 0, 2, 3]"
96,WP-40,David is 5 years old. Fred is 4 years old. Ilina is also 5 years old. Daniel is 6 years old. Valentina is 9. How old is Ronnie?,Ronnie is 6.,Ronnie is 5.,Ronnie is 4.,None of above.,2,"['Ronnie is 4.', 'Ronnie is 5.', 'Ronnie is 6.', 'None of above.']","[2, 1, 0, 3]"
97,WP-40_SR,"David is a five-year-old boy. Fred is a four-year-old boy. Ilina is five years old as well. Daniel is a six-year-old boy. Valentina is nine years old. Ronnie, how old are you?",Ronnie is 6.,Ronnie is 5.,Ronnie is 4.,None of above.,0,"['Ronnie is 6.', 'Ronnie is 5.', 'Ronnie is 4.', 'None of above.']","[0, 1, 2, 3]"
98,WP-40_CR,"David is a five-year-old boy. Fred is a four-year-old boy. Ilina is five years old as well. Daniel is a six-year-old boy. Valentina is nine years old. Jennifer, how old are you?",Jennifer is seven year old..,Jennifer is six year old.,Jennifer is five year old.,None of above.,1,"['Jennifer is six year old.', 'Jennifer is seven year old..', 'Jennifer is five year old.', 'None of above.']","[1, 0, 2, 3]"
99,WP-41,"What kind of a band, never plays music?",A rubber band.,A rock band.,A dance band.,None of above.,1,"['A dance band.', 'A rubber band.', 'A rock band.', 'None of above.']","[2, 0, 1, 3]"
100,WP-41_SR,What sort of band never performs music?,A rubber band.,A rock band.,A dance band.,None of above.,2,"['A rock band.', 'A dance band.', 'A rubber band.', 'None of above.']","[1, 2, 0, 3]"
101,WP-41_CR," What kind of a box, can't hold anything?",A checkbox.,A pencil box.,A cigar box.,None of above.,0,"['A checkbox.', 'A pencil box.', 'A cigar box.', 'None of above.']","[0, 1, 2, 3]"
102,WP-42,What 7 letter word becomes longer when the third letter is removed?,Lounger.,Recliner.,Chaise.,None of above.,1,"['Chaise.', 'Lounger.', 'Recliner.', 'None of above.']","[2, 0, 1, 3]"
103,WP-42_SR,What 7-letter word becomes longer when the third letter is removed?,Lounger.,Recliner.,Chaise.,None of above.,1,"['Recliner.', 'Lounger.', 'Chaise.', 'None of above.']","[1, 0, 2, 3]"
104,WP-42_CR,What 5-letter word becomes shorter when adding new letters?,Short.,Small.,Brief.,None of above.,2,"['Small.', 'Brief.', 'Short.', 'None of above.']","[1, 2, 0, 3]"
105,WP-44,What pets make stirring music?,Trumpet.,Corgi.,Husky.,None of above.,2,"['Corgi.', 'Husky.', 'Trumpet.', 'None of above.']","[1, 2, 0, 3]"
106,WP-44_SR,What animals produce moving music?,Trumpet.,Corgi.,Husky.,None of above.,0,"['Trumpet.', 'Husky.', 'Corgi.', 'None of above.']","[0, 2, 1, 3]"
107,WP-44_CR,What pets have driving license?,Carpet.,Corgi.,Husky.,None of above.,0,"['Carpet.', 'Husky.', 'Corgi.', 'None of above.']","[0, 2, 1, 3]"
108,WP-45,How do you make a pirate angry?,Take away the 'p'.,Take away the 'e'.,Take away the 'i'.,None of above.,0,"[""Take away the 'p'."", ""Take away the 'e'."", ""Take away the 'i'."", 'None of above.']","[0, 1, 2, 3]"
109,WP-45_SR,How do you make a pirate angry?,Take away the 'p'.,Take away the 'e'.,Take away the 'i'.,None of above.,1,"[""Take away the 'i'."", ""Take away the 'p'."", ""Take away the 'e'."", 'None of above.']","[2, 0, 1, 3]"
110,WP-45_CR,How do you make the manager angry?,Take away the 'm'.,Take away the 'e'.,Take away the 'r'.,None of above.,2,"[""Take away the 'e'."", ""Take away the 'r'."", ""Take away the 'm'."", 'None of above.']","[1, 2, 0, 3]"
111,WP-46,What 4 days in the week start with T?,"Tuesday, Thursday, Today and Tomorrow.","Monday, Tuesday, Wednesday and Thursday.","Tuesday, Wednesday,Thursday and Friday.",None of above.,1,"['Monday, Tuesday, Wednesday and Thursday.', 'Tuesday, Thursday, Today and Tomorrow.', 'Tuesday, Wednesday,Thursday and Friday.', 'None of above.']","[1, 0, 2, 3]"
112,WP-46_SR,What four days of the week begin with the letter T?,"Tuesday, Thursday, Today and Tomorrow","Monday, Tuesday, Wednesday and Thursday.","Tuesday, Wednesday,Thursday and Friday.",None of above.,2,"['Monday, Tuesday, Wednesday and Thursday.', 'Tuesday, Wednesday,Thursday and Friday.', 'Tuesday, Thursday, Today and Tomorrow', 'None of above.']","[1, 2, 0, 3]"
113,WP-46_CR,What days in the week start with Y?,Yesterday.,Monday.,Friday.,None of above.,0,"['Yesterday.', 'Friday.', 'Monday.', 'None of above.']","[0, 2, 1, 3]"
114,WP-47,What kind of fish chases a mouse?,Catfish.,Salmon.,Bass.,None of above.,0,"['Catfish.', 'Salmon.', 'Bass.', 'None of above.']","[0, 1, 2, 3]"
115,WP-47_SR,What type of fish pursues a mouse?,Catfish.,Salmon.,Bass.,None of above.,0,"['Catfish.', 'Bass.', 'Salmon.', 'None of above.']","[0, 2, 1, 3]"
116,WP-47_CR,What type of dog sits in the sun all day?,Hotdog.,Corgi.,Husky.,None of above.,1,"['Husky.', 'Hotdog.', 'Corgi.', 'None of above.']","[2, 0, 1, 3]"
117,WP-48,"You are in a place called Wall's World and there is only one law. There is a mirror, but no reflection. There is pizza with cheese, but not sausage. There is pepper, but no salt. There is a door, yet no entrance or exit. What is the law?
","Each word in Wall's World must contain double letters.
","Each word in Wall's World must contain less than seven letters.
","Each word in Wall's World must contain more than four letters.
",None of above.,2,"[""Each word in Wall's World must contain less than seven letters.\n"", ""Each word in Wall's World must contain more than four letters.\n"", ""Each word in Wall's World must contain double letters.\n"", 'None of above.']","[1, 2, 0, 3]"
118,WP-48_SR,"You are in Wall's World, where there is only one law. There is a mirror but there is no reflection. Pizza with cheese is available, but not with sausage. There is pepper on the table, but no salt. There is a door, but no way in or out. What exactly is the law?","Each word in Wall's World must contain double letters.
","Each word in Wall's World must contain less than seven letters.
","Each word in Wall's World must contain more than four letters.
",None of above.,1,"[""Each word in Wall's World must contain more than four letters.\n"", ""Each word in Wall's World must contain double letters.\n"", ""Each word in Wall's World must contain less than seven letters.\n"", 'None of above.']","[2, 0, 1, 3]"
119,WP-48_CR,"You are in Wall's World, where there is only one law. There is a noon but there is no morning. People have mum and dad, but no sister or brother. The amry has radar but no weapon. What exactly is the law?","Each word in Wall's World must be symmetry.
","Each word in Wall's World must contain less than seven letters.
","Each word in Wall's World must contain more than four letters.
",None of above.,1,"[""Each word in Wall's World must contain more than four letters.\n"", ""Each word in Wall's World must be symmetry.\n"", ""Each word in Wall's World must contain less than seven letters.\n"", 'None of above.']","[2, 0, 1, 3]"
120,WP-49,"What does I RIGHT I mean? 
","Right between the eyes.
",Two letter I.,I am right next to myself.,None of above.,2,"['I am right next to myself.', 'Two letter I.', 'Right between the eyes.\n', 'None of above.']","[2, 1, 0, 3]"
121,WP-49_SR,What exactly does I RIGHT I mean?,"Right between the eyes.
",Two letter I.,I am right next to myself.,None of above.,1,"['Two letter I.', 'Right between the eyes.\n', 'I am right next to myself.', 'None of above.']","[1, 0, 2, 3]"
122,WP-49_CR,What exactly does U IN MY I mean?,You in my eye.,The word 'UINMYI'.,Letter U is inside my letter I.,None of above.,2,"[""The word 'UINMYI'."", 'Letter U is inside my letter I.', 'You in my eye.', 'None of above.']","[1, 2, 0, 3]"
123,WP-50,"Which word is written incorrectly in the dictionary?
","The word ""incorrectly"".
","The word ""false"".","The word ""wrong"".",None of above.,0,"['The word ""incorrectly"".\n', 'The word ""false"".', 'The word ""wrong"".', 'None of above.']","[0, 1, 2, 3]"
124,WP-50_SR,"Which of the following words is incorrectly in the dictionary?
","The word ""incorrectly"".
","The word ""false"".","The word ""wrong"".",None of above.,0,"['The word ""incorrectly"".\n', 'The word ""false"".', 'The word ""wrong"".', 'None of above.']","[0, 1, 2, 3]"
125,WP-50_CR,"Which word is misspelled in the dictionary?
","The word ""misspelled"".
","The word ""false"".","The word ""wrong"".",None of above.,1,"['The word ""false"".', 'The word ""misspelled"".\n', 'The word ""wrong"".', 'None of above.']","[1, 0, 2, 3]"
126,WP-51,"What letters are easily found in every single day of the week?
","DAY.
",T H U.,M F S.,None of above.,1,"['T H U.', 'DAY.\n', 'M F S.', 'None of above.']","[1, 0, 2, 3]"
127,WP-51_SR,"What letters are easily found in every single day of the week?
","DAY.
",T H U.,M F S.,None of above.,1,"['M F S.', 'DAY.\n', 'T H U.', 'None of above.']","[2, 0, 1, 3]"
128,WP-51_CR,What four letters can be found in every morning and evening of the year?,N I N G.,F O O D.,M O R N.,None of above.,1,"['M O R N.', 'N I N G.', 'F O O D.', 'None of above.']","[2, 0, 1, 3]"
129,WP-52,"If the red house is on the right side and if the blue house is on the left side, where's the white house?
","In Washington, D.C.
",In the middle of red house and blue house.,On the right of red house.,None of above.,1,"['On the right of red house.', 'In Washington, D.C.\n', 'In the middle of red house and blue house.', 'None of above.']","[2, 0, 1, 3]"
130,WP-52_SR,Where is the white house if the red house is on the right and the blue house is on the left?,"In Washington, D.C.
",In the middle of red house and blue house.,On the right of red house.,None of above.,1,"['On the right of red house.', 'In Washington, D.C.\n', 'In the middle of red house and blue house.', 'None of above.']","[2, 0, 1, 3]"
131,WP-52_CR,"If the rose garden is in England and the cherry blossom grove is in Japan, where is the maple leaf?",In Canada.,In the middle of England and Japan.,Also in Japan.,None of above.,1,"['Also in Japan.', 'In Canada.', 'In the middle of England and Japan.', 'None of above.']","[2, 0, 1, 3]"
132,WP-53,"I am the beginning of sorrow and the end of sickness. You cannot express happiness without me yet I am in the midst of crosses. I am always in risk yet never in danger. You may find me in the sun, but I am never out of darkness.",The letter S.,The letter E.,The letter I.,None of above.,2,"['The letter I.', 'The letter E.', 'The letter S.', 'None of above.']","[2, 1, 0, 3]"
133,WP-53_SR,"I am the start of suffering and the finish of illness. You need me to express happiness because you are unable to do so on your own. I am constantly at risk, but I'm never in danger. I may be in the sun, but I'm never out of the shadows.",The letter S.,The letter E.,The letter I.,None of above.,2,"['The letter I.', 'The letter E.', 'The letter S.', 'None of above.']","[2, 1, 0, 3]"
134,WP-53_CR,"I am at the start of energy and the end of time and space. I am essential to creation, and I surround every place. What am I?",The letter E.,The letter S.,The letter I.,None of above.,2,"['The letter I.', 'The letter S.', 'The letter E.', 'None of above.']","[2, 1, 0, 3]"
135,WP-54,"Which room has no walls?
","A mushroom
",A restroom.,A classroom.,None of above.,0,"['A mushroom\n', 'A restroom.', 'A classroom.', 'None of above.']","[0, 1, 2, 3]"
136,WP-54_SR,Which room is wallless?,"A mushroom
",A restroom.,A classroom.,None of above.,0,"['A mushroom\n', 'A restroom.', 'A classroom.', 'None of above.']","[0, 1, 2, 3]"
137,WP-54_CR,What kind of keys can't open locks?,Monkey.,Gold key.,Car key.,None of above.,2,"['Gold key.', 'Car key.', 'Monkey.', 'None of above.']","[1, 2, 0, 3]"
138,WP-55,What are the next three letters in this combination? OTTFFSS_.,E N T.,T U V.,F F T.,None of above.,2,"['F F T.', 'T U V.', 'E N T.', 'None of above.']","[2, 1, 0, 3]"
139,WP-55_SR,What three letters make up this combination's next three? OTTFFSS_.,E N T.,T U V.,F F T.,None of above.,1,"['T U V.', 'E N T.', 'F F T.', 'None of above.']","[1, 0, 2, 3]"
140,WP-55_CR,"If O+ E = N , Z+Z =Z, what is Z +O?",O.,Z.,E.,None of above.,1,"['E.', 'O.', 'Z.', 'None of above.']","[2, 0, 1, 3]"
141,WP-57,"What happens only in the middle of each month, in all of the seasons, except summer, and happens only in the night, never in the day? ",The letter 'N'.,The letter 'M'.,The letter 'R'.,None of above.,2,"[""The letter 'M'."", ""The letter 'R'."", ""The letter 'N'."", 'None of above.']","[1, 2, 0, 3]"
142,WP-57_SR,"What only occurs in the middle of every month, in all season but the summer, and only at night, never during the day? ",The letter 'N'.,The letter 'M'.,The letter 'R'.,None of above.,1,"[""The letter 'R'."", ""The letter 'N'."", ""The letter 'M'."", 'None of above.']","[2, 0, 1, 3]"
143,WP-57_CR,"What exist in every year, in all season but the fall, and only happen at morning?",The letter 'R'.,The letter 'M'.,The letter 'S'.,None of above.,1,"[""The letter 'M'."", ""The letter 'R'."", ""The letter 'S'."", 'None of above.']","[1, 0, 2, 3]"
144,WP-58,"If fish lived on land, where would they live?",In Finland.,In woodland.,In farmland.,None of above.,2,"['In farmland.', 'In woodland.', 'In Finland.', 'None of above.']","[2, 1, 0, 3]"
145,WP-58_SR,Where would fish live if they were to live on land?,In Finland.,In woodland.,In farmland.,None of above.,2,"['In woodland.', 'In farmland.', 'In Finland.', 'None of above.']","[1, 2, 0, 3]"
146,WP-58_CR,"If fishes went to concerts, which part do they like most? ",Finale.,Prologue.,Cadenza.,None of above.,2,"['Cadenza.', 'Prologue.', 'Finale.', 'None of above.']","[2, 1, 0, 3]"
147,WP-61,What is the proper length for a lady's skirt?,A little above two feet.,As long as the height of lady.,As big as the age of lady.,None of above.,0,"['A little above two feet.', 'As big as the age of lady.', 'As long as the height of lady.', 'None of above.']","[0, 2, 1, 3]"
148,WP-61_SR,What length should a woman's skirt be?,A little above two feet.,As long as the height of lady.,As big as the age of lady.,None of above.,2,"['As long as the height of lady.', 'As big as the age of lady.', 'A little above two feet.', 'None of above.']","[1, 2, 0, 3]"
149,WP-61_CR,What's the proper length for a snake's boots?,A little more than one feet.,As long as the height of people.,As big as the age of people.,None of above.,1,"['As big as the age of people.', 'A little more than one feet.', 'As long as the height of people.', 'None of above.']","[2, 0, 1, 3]"
150,WP-63,"Mr. Red resides in a red home, Mrs. Pink resides in a pink home, and Mr. Blue resides in a blue home. The White House is inhabited by who?",None of above.,Mr. White.,"Mr. Red, Mrs Pink and Mrs Blue share the house.",Mrs. Pink.,3,"['Mr. White.', 'Mrs. Pink.', 'Mr. Red, Mrs Pink and Mrs Blue share the house.', 'None of above.']","[1, 3, 2, 0]"
151,WP-63_SR,"Mrs. Pink, Mr. Red, and Mr. Blue all reside in pink homes, while Mr. Red resides in a red home. In the White House, who resides?",None of above.,Mr. White.,"Mr. Red, Mrs Pink and Mrs Blue share the house.",Mrs. Pink.,3,"['Mr. White.', 'Mrs. Pink.', 'Mr. Red, Mrs Pink and Mrs Blue share the house.', 'None of above.']","[1, 3, 2, 0]"
152,WP-63_CR,"Mrs. Three lives in a Triangle, Mrs. Four lives in a Quadrilateral, who lives in the Pentagon? ",None of above.,Mr. Five.,"Mr. Three, Mrs Four and Mrs Five share the house.",Mrs. Three.,3,"['Mrs. Three.', 'Mr. Five.', 'Mr. Three, Mrs Four and Mrs Five share the house.', 'None of above.']","[3, 1, 2, 0]"
153,WP-64,"There is a pink house made of pink  bricks, a blue house made of blue bricks, an orange house made of orange bricks. What color bricks is a greenhouse made of?",None of above.,Green.,"Mix of pink,blue and orange.",Pink.,3,"['Mix of pink,blue and orange.', 'Pink.', 'Green.', 'None of above.']","[2, 3, 1, 0]"
154,WP-64_SR,"A pink house is constructed of pink bricks, a blue house is constructed of blue bricks, and an orange house is constructed of orange bricks. What kind of bricks in a greenhouse?",None of above.,Green.,"Mix of pink,blue and orange.",Pink.,3,"['Green.', 'Pink.', 'Mix of pink,blue and orange.', 'None of above.']","[1, 3, 2, 0]"
155,WP-64_CR,"Pink Univerisity is constructed of Pink bricks, Blue Univerisity is constructed of blue bricks, Yellow Univerisity is constructed of blue bricks, what kind of bricks in Brown University?",None of above.,Brown.,"Mix of pink,blue and yellow.",Blue,3,"['Mix of pink,blue and yellow.', 'Blue', 'Brown.', 'None of above.']","[2, 3, 1, 0]"
156,WP-65,"What comes once in a minute, twice in a moment, but never in a thousand years?",The letter M.,The letter N.,The letter E.,None of above.,2,"['The letter N.', 'The letter E.', 'The letter M.', 'None of above.']","[1, 2, 0, 3]"
157,WP-65_SR,"What can be seen once in a minute, two times if you consider a moment, but you cannot see that in a thousand years?",The letter M.,The letter N.,The letter E.,None of above.,0,"['The letter M.', 'The letter N.', 'The letter E.', 'None of above.']","[0, 1, 2, 3]"
158,WP-65_CR,"What's something you see twice in a year, but only once in a day",Vowels.,Consonant.,Diphthong.,None of above.,1,"['Consonant.', 'Vowels.', 'Diphthong.', 'None of above.']","[1, 0, 2, 3]"
159,WP-66,Where does Christmas come before Thanksgiving?,In the dictionary.,In the physical book.,In a biography.,None of above.,0,"['In the dictionary.', 'In a biography.', 'In the physical book.', 'None of above.']","[0, 2, 1, 3]"
160,WP-66_SR,Where does Christmas fall before Thanksgiving?,In the dictionary.,In the physical book.,In a biography.,None of above.,0,"['In the dictionary.', 'In a biography.', 'In the physical book.', 'None of above.']","[0, 2, 1, 3]"
161,WP-66_CR,Where does Friday comes before Thursday?,In the dictionary.,In holiday.,In North Pole.,None of above.,0,"['In the dictionary.', 'In holiday.', 'In North Pole.', 'None of above.']","[0, 1, 2, 3]"
162,WP-67,"How do you make the number 7 even without addition, subtraction, multiplication, or division?","Drop the ""S"".","Drop the ""E"".","Drop the ""N"".",None of above.,2,"['Drop the ""N"".', 'Drop the ""E"".', 'Drop the ""S"".', 'None of above.']","[2, 1, 0, 3]"
163,WP-67_SR,"How can you get the number 7 even without adding, subtracting, multiplying, or dividing?","Drop the ""S"".","Drop the ""E"".","Drop the ""N"".",None of above.,0,"['Drop the ""S"".', 'Drop the ""E"".', 'Drop the ""N"".', 'None of above.']","[0, 1, 2, 3]"
164,WP-67_CR,"How do you make the number eleven even without addition, subtraction, multiplication or division?","Drop the ""el""","Drop the ""en"".","Drop the ""e"".",None of above.,0,"['Drop the ""el""', 'Drop the ""e"".', 'Drop the ""en"".', 'None of above.']","[0, 2, 1, 3]"
165,WP-68,How do you spell candy in 2 letters?,C' and 'Y'.,C' and 'A'.,A' and 'Y'.,None of above.,1,"[""C' and 'A'."", ""C' and 'Y'."", ""A' and 'Y'."", 'None of above.']","[1, 0, 2, 3]"
166,WP-68_SR,How do you write down candy with two characters?,C' and 'Y'.,C' and 'A'.,A' and 'Y'.,None of above.,2,"[""C' and 'A'."", ""A' and 'Y'."", ""C' and 'Y'."", 'None of above.']","[1, 2, 0, 3]"
167,WP-68_CR,How do you spell pork in 2 letters,P' (OR) 'K'.,P' (OR) 'O'.,O' (OR) 'K'.,None of above.,1,"[""P' (OR) 'O'."", ""P' (OR) 'K'."", ""O' (OR) 'K'."", 'None of above.']","[1, 0, 2, 3]"
168,WP-69,How do you spell hard water with three letters?,ICE.,HAW.,HHO.,None of above.,1,"['HHO.', 'ICE.', 'HAW.', 'None of above.']","[2, 0, 1, 3]"
169,WP-69_SR,"With only three letters, how do you spell hard water?",ICE.,HAW.,HHO.,None of above.,2,"['HAW.', 'HHO.', 'ICE.', 'None of above.']","[1, 2, 0, 3]"
170,WP-69_CR,How do you spell hot water in only five letters?,VAPOR.,HOTWA.,HOTHO.,None of above.,1,"['HOTWA.', 'VAPOR.', 'HOTHO.', 'None of above.']","[1, 0, 2, 3]"
171,WP-70,"What is one thing that all wise men, regardless of their politics or religion, agree is between heaven and earth?",The word 'and'.,The word 'peace'.,The word 'love'.,None of above.,2,"[""The word 'love'."", ""The word 'peace'."", ""The word 'and'."", 'None of above.']","[2, 1, 0, 3]"
172,WP-70_SR,"What is it that all sensible men, regardless of political or religious beliefs, believe exists between heaven and earth?",The word 'and'.,The word 'peace'.,The word 'love'.,None of above.,1,"[""The word 'peace'."", ""The word 'and'."", ""The word 'love'."", 'None of above.']","[1, 0, 2, 3]"
173,WP-70_CR,What's that one thing that you can always find between football and volleyball?,The word 'and'.,The word 'foot'.,The word 'volley'.,None of above.,1,"[""The word 'foot'."", ""The word 'and'."", ""The word 'volley'."", 'None of above.']","[1, 0, 2, 3]"
174,WP-72,A man has Ten Horses and nine stables as shown here. [] [] [] [] [] [] [] [] [] The man wants to fit Ten Horses into nine stables. How can he fit Ten horses into nine stables?,One letter for each stable. [T][E][N] [H][O][R][S][E][S].,One letter for each stable. [H][O][R] [S][E][S][H][O][R].,One letter for each stable. [H][H][H] [H][H][H][H][H][H].,None of above.,1,"['One letter for each stable. [H][O][R] [S][E][S][H][O][R].', 'One letter for each stable. [T][E][N] [H][O][R][S][E][S].', 'One letter for each stable. [H][H][H] [H][H][H][H][H][H].', 'None of above.']","[1, 0, 2, 3]"
175,WP-72_SR,"As seen below, a man has ten horses and nine barns. [] [] [] [] [] [] [] [] [] The guy want to house ten horses in nine barns. How is he going to fit ten horses into nine stables?

",One letter for each stable. [T][E][N] [H][O][R][S][E][S],One letter for each stable. [H][O][R] [S][E][S][H][O][R].,One letter for each stable. [H][H][H] [H][H][H][H][H][H].,None of above.,0,"['One letter for each stable. [T][E][N] [H][O][R][S][E][S]', 'One letter for each stable. [H][O][R] [S][E][S][H][O][R].', 'One letter for each stable. [H][H][H] [H][H][H][H][H][H].', 'None of above.']","[0, 1, 2, 3]"
176,WP-72_CR,"As seen below, a teacher wants to have thirteen boys in a classroom with tweleve chairs like this: [][][][][][][][][][][][]. How does he have to do this?",One letter on each chair: [t][h][i][r][t][e][e][n][b][o][y][s],One letter on each chair: [b][o][y][b][o][y][b][o][y][b][o][y].,One letter on each chair: [b][b][b][b][b][b][b][b][b][b][b][b].,None of above.,0,"['One letter on each chair: [t][h][i][r][t][e][e][n][b][o][y][s]', 'One letter on each chair: [b][o][y][b][o][y][b][o][y][b][o][y].', 'One letter on each chair: [b][b][b][b][b][b][b][b][b][b][b][b].', 'None of above.']","[0, 1, 2, 3]"
177,WP-73,"Always in visible, yet never out of sight.
What are they?",The letters I and S.,The letters V and S.,The letters V and I.,None of above.,0,"['The letters I and S.', 'The letters V and S.', 'The letters V and I.', 'None of above.']","[0, 1, 2, 3]"
178,WP-73_SR,"Never out of sight, yet always in visible.
What exactly are they?",The letters I and S.,The letters V and S.,The letters V and I.,None of above.,1,"['The letters V and I.', 'The letters I and S.', 'The letters V and S.', 'None of above.']","[2, 0, 1, 3]"
179,WP-73_CR,What's always in a rush but not even once in running?,The letters S and H.,The letters U and S.,The letters R and U.,None of above.,0,"['The letters S and H.', 'The letters R and U.', 'The letters U and S.', 'None of above.']","[0, 2, 1, 3]"
180,WP-74,What is the end of everything?,The letter G.,The letter T.,The letter E.,None of above.,2,"['The letter T.', 'The letter E.', 'The letter G.', 'None of above.']","[1, 2, 0, 3]"
181,WP-74_SR,How does everything finish?,The letter G.,The letter T.,The letter E.,None of above.,2,"['The letter E.', 'The letter T.', 'The letter G.', 'None of above.']","[2, 1, 0, 3]"
182,WP-74_CR,What's the beginning of everything?,The letter E,The letter T.,The letter G.,None of above.,2,"['The letter T.', 'The letter G.', 'The letter E', 'None of above.']","[1, 2, 0, 3]"
183,WP-75,What can be seen in the middle of March and April that cannot be seen at the beginning or end of either month?,The letter R.,The letter A.,The letter I.,None of above.,0,"['The letter R.', 'The letter A.', 'The letter I.', 'None of above.']","[0, 1, 2, 3]"
184,WP-75_SR,What is seen in the midst of March and April that is not visible at the start or end of each month?,The letter R.,The letter A.,The letter I.,None of above.,0,"['The letter R.', 'The letter I.', 'The letter A.', 'None of above.']","[0, 2, 1, 3]"
185,WP-75_CR,"What's that one thing in the middle of Rules and Sales, however, it's not written nor bargained.",The letter L.,The letter E.,The letter R.,None of above.,2,"['The letter R.', 'The letter E.', 'The letter L.', 'None of above.']","[2, 1, 0, 3]"
186,WP-76,How many letters are in the alphabet?,There are 11 letters.,There are 22 letters.,There are 25 letters.,None of above.,2,"['There are 22 letters.', 'There are 25 letters.', 'There are 11 letters.', 'None of above.']","[1, 2, 0, 3]"
187,WP-76_SR,What is the total number of letters in the alphabet?,There are 11 letters.,There are 22 letters.,There are 25 letters.,None of above.,1,"['There are 25 letters.', 'There are 11 letters.', 'There are 22 letters.', 'None of above.']","[2, 0, 1, 3]"
188,WP-76_CR,How many letters are in one envelope,There are 8 letters.,There are 26 letters.,There are 25 letters.,None of above.,1,"['There are 25 letters.', 'There are 8 letters.', 'There are 26 letters.', 'None of above.']","[2, 0, 1, 3]"
189,WP-77,"What starts with ""P"", ends with ""E"", and has many letters?",Post Office.,Police Office.,Government Office.,None of above.,1,"['Police Office.', 'Post Office.', 'Government Office.', 'None of above.']","[1, 0, 2, 3]"
190,WP-77_SR,"What contains several letters and begins with ""P"" and finishes with ""E""?",Post Office.,Police Office.,Government Office.,None of above.,0,"['Post Office.', 'Police Office.', 'Government Office.', 'None of above.']","[0, 1, 2, 3]"
191,WP-77_CR,What contains from one to infinite characters in it and starts with a M and ends with an E?,Movie.,Medicine.,Marriage.,None of above.,1,"['Marriage.', 'Movie.', 'Medicine.', 'None of above.']","[2, 0, 1, 3]"
192,WP-78,What two things can you never eat for breakfast?,Lunch and dinner.,Milk and bread.,Turkey.,None of above.,0,"['Lunch and dinner.', 'Milk and bread.', 'Turkey.', 'None of above.']","[0, 1, 2, 3]"
193,WP-78_SR,What two foods should you never consume for breakfast?,Lunch and dinner.,Milk and bread.,Turkey.,None of above.,0,"['Lunch and dinner.', 'Milk and bread.', 'Turkey.', 'None of above.']","[0, 1, 2, 3]"
194,WP-78_CR,Wha'ts that one thing that it's time is never before afternoon?,Evening,School bus.,Pizza delivery.,None of above.,1,"['Pizza delivery.', 'Evening', 'School bus.', 'None of above.']","[2, 0, 1, 3]"
195,WP-80,What fruit always travels in groups of two?,Pears.,Apples.,Oranges.,None of above.,0,"['Pears.', 'Oranges.', 'Apples.', 'None of above.']","[0, 2, 1, 3]"
196,WP-80_SR,What fruit always travels in pairs?,Pears.,Apples.,Oranges.,None of above.,1,"['Apples.', 'Pears.', 'Oranges.', 'None of above.']","[1, 0, 2, 3]"
197,WP-80_CR,What season makes the water fall?,Autumn.,Spring.,Summer.,None of above.,1,"['Spring.', 'Autumn.', 'Summer.', 'None of above.']","[1, 0, 2, 3]"
198,WP-81,What's the quickest way to make oil boil?,Add the letter B.,Add the letter L.,Add the letter F.,None of above.,0,"['Add the letter B.', 'Add the letter F.', 'Add the letter L.', 'None of above.']","[0, 2, 1, 3]"
199,WP-81_SR,What is the fastest technique to get oil to boil?,Add the letter B.,Add the letter L.,Add the letter F.,None of above.,2,"['Add the letter L.', 'Add the letter F.', 'Add the letter B.', 'None of above.']","[1, 2, 0, 3]"
200,WP-81_CR,What's the shortes way of making three a tree?,Drop the letter H.,Drop the letter E.,Drop the letter T.,None of above.,2,"['Drop the letter E.', 'Drop the letter T.', 'Drop the letter H.', 'None of above.']","[1, 2, 0, 3]"
201,WP-82,On which side of a church is the graveyard always situated?,Outside.,Leftside.,Rightside.,None of above.,0,"['Outside.', 'Leftside.', 'Rightside.', 'None of above.']","[0, 1, 2, 3]"
202,WP-82_SR,What side of a church is the cemetery always on?,Outside.,Leftside.,Rightside.,None of above.,2,"['Leftside.', 'Rightside.', 'Outside.', 'None of above.']","[1, 2, 0, 3]"
203,WP-82_CR,What side of church alwasy has more sunshine?,Outside.,Eastside.,Westside.,None of above.,2,"['Eastside.', 'Westside.', 'Outside.', 'None of above.']","[1, 2, 0, 3]"
204,WP-83,When does a British potato change its nationality?,When it becomes a french fries.,When it is on the plane.,When it is delivered.,None of above.,2,"['When it is delivered.', 'When it is on the plane.', 'When it becomes a french fries.', 'None of above.']","[2, 1, 0, 3]"
205,WP-83_SR,When does a British potato become a foreigner?,When it becomes a french fries.,When it is on the plane.,When it is delivered.,None of above.,0,"['When it becomes a french fries.', 'When it is delivered.', 'When it is on the plane.', 'None of above.']","[0, 2, 1, 3]"
206,WP-83_CR,When does an American grape change its nationality?,When it becomes Italian wine.,When it is on the plane.,When it is delivered.,None of above.,1,"['When it is delivered.', 'When it becomes Italian wine.', 'When it is on the plane.', 'None of above.']","[2, 0, 1, 3]"
207,WP-84,"There are 10 dogs in a yard. 3 sleep, 4 run behind a tree, and 2 jump in the hole. How many are left?",None of above. No dogs left the yard.,Three.,One.,Two.,3,"['One.', 'Three.', 'Two.', 'None of above.']","[2, 1, 3, 0]"
208,WP-84_SR,"Ten dogs are in a yard. 2 jump in the hole, 3 sleep, 4 hide behind a tree. How many are left?",None of above. No dogs left the yard.,Three.,One.,Two.,3,"['One.', 'Two.', 'Three.', 'None of above.']","[2, 3, 1, 0]"
209,WP-84_CR,"Twelve birds are sitting on a branch. 3 fly away, 4 start singing, and 2 begin preening. How many are left?",None of above. No birds left the branch.,Three.,Four.,Two.,3,"['Four.', 'Two.', 'Three.', 'None of above.']","[2, 3, 1, 0]"
210,WP-85,What kind of cheese is made backwards?,Edam cheese.,Blue cheese.,Cheddar cheese.,None of above.,1,"['Blue cheese.', 'Edam cheese.', 'Cheddar cheese.', 'None of above.']","[1, 0, 2, 3]"
211,WP-85_SR,What sort of cheese is made in reverse?,Edam cheese.,Blue cheese.,Cheddar cheese.,None of above.,1,"['Cheddar cheese.', 'Edam cheese.', 'Blue cheese.', 'None of above.']","[2, 0, 1, 3]"
212,WP-85_CR,What kind of Pizza is made backwards?,Azzip pizza.,Cheese pizza.,Pepperoni pizza.,None of above.,2,"['Pepperoni pizza.', 'Cheese pizza.', 'Azzip pizza.', 'None of above.']","[2, 1, 0, 3]"
213,WP-89,Where does a showman keep his money?,In a snow bank.,In a national bank.,In a local bank.,None of above.,1,"['In a national bank.', 'In a snow bank.', 'In a local bank.', 'None of above.']","[1, 0, 2, 3]"
214,WP-89_SR,Where does a showman store  his money?,In a snow bank.,In a national bank.,In a local bank.,None of above.,2,"['In a local bank.', 'In a national bank.', 'In a snow bank.', 'None of above.']","[2, 1, 0, 3]"
215,WP-89_CR,Where does water spring stores his money?,The river bank.,In a national bank.,In a local bank.,None of above.,1,"['In a national bank.', 'The river bank.', 'In a local bank.', 'None of above.']","[1, 0, 2, 3]"
216,WP-90,What do you call unhappy cranberries?,Blueberries.,Stawberries.,Blackberries,None of above.,1,"['Blackberries', 'Blueberries.', 'Stawberries.', 'None of above.']","[2, 0, 1, 3]"
217,WP-90_SR,What do you call dissatisfied cranberries?,Blueberries.,Stawberries.,Blackberries,None of above.,0,"['Blueberries.', 'Blackberries', 'Stawberries.', 'None of above.']","[0, 2, 1, 3]"
218,WP-90_CR,How do you call a phone that is depressed?,Blueberry.,Apple.,Nokia.,None of above.,0,"['Blueberry.', 'Apple.', 'Nokia.', 'None of above.']","[0, 1, 2, 3]"
219,WP-91,What sweets do geologists like?,Rock candy.,Sugar candy.,White chocolate.,None of above.,2,"['Sugar candy.', 'White chocolate.', 'Rock candy.', 'None of above.']","[1, 2, 0, 3]"
220,WP-91_SR,What kinds of treats do geologists enjoy?,Rock candy.,Sugar candy.,White chocolate.,None of above.,1,"['White chocolate.', 'Rock candy.', 'Sugar candy.', 'None of above.']","[2, 0, 1, 3]"
221,WP-91_CR,What's a painter's favorite clothing item?,Palette tie.,Bowtie,Bolo tie.,None of above.,0,"['Palette tie.', 'Bowtie', 'Bolo tie.', 'None of above.']","[0, 1, 2, 3]"
222,WP-92,What type of music are balloons scared of?,Pop Music.,Jazz Music.,Country Music.,None of above.,2,"['Country Music.', 'Jazz Music.', 'Pop Music.', 'None of above.']","[2, 1, 0, 3]"
223,WP-92_SR,What kind of music frightens balloons?,Pop Music.,Jazz Music.,Country Music.,None of above.,1,"['Country Music.', 'Pop Music.', 'Jazz Music.', 'None of above.']","[2, 0, 1, 3]"
224,WP-92_CR,What kind of music geologists like?,Rock Music.,Jazz Music.,Pop Music.,None of above.,2,"['Pop Music.', 'Jazz Music.', 'Rock Music.', 'None of above.']","[2, 1, 0, 3]"
225,WP-93,What driver never gets arrested?,A screw driver.,A drunk driver.,An old driver.,None of above.,1,"['An old driver.', 'A screw driver.', 'A drunk driver.', 'None of above.']","[2, 0, 1, 3]"
226,WP-93_SR,What driver never gets pulled over?,A screw driver.,A drunk driver.,An old driver.,None of above.,1,"['A drunk driver.', 'A screw driver.', 'An old driver.', 'None of above.']","[1, 0, 2, 3]"
227,WP-93_CR,What driver never gets arrested?,A hard driver,A drunk driver.,An old driver.,None of above.,1,"['A drunk driver.', 'A hard driver', 'An old driver.', 'None of above.']","[1, 0, 2, 3]"
228,WP-94,What do you call a ghost without a host?,G.,H.,T.,None of above.,0,"['G.', 'H.', 'T.', 'None of above.']","[0, 1, 2, 3]"
229,WP-94_SR,What do you name a ghost who doesn't have a host?,G.,H.,T.,None of above.,1,"['T.', 'G.', 'H.', 'None of above.']","[2, 0, 1, 3]"
230,WP-94_CR,How do you call a cookie without its home keys?,Coo,Cooie.,C.,None of above.,1,"['C.', 'Coo', 'Cooie.', 'None of above.']","[2, 0, 1, 3]"
231,WP-95,Which is the biggest jam in the world?,A traffic jam.,A chutney jam.,A curd jam.,None of above.,2,"['A chutney jam.', 'A curd jam.', 'A traffic jam.', 'None of above.']","[1, 2, 0, 3]"
232,WP-95_SR,Which is the world's largest jam?,A traffic jam.,A chutney jam.,A curd jam.,None of above.,1,"['A chutney jam.', 'A traffic jam.', 'A curd jam.', 'None of above.']","[1, 0, 2, 3]"
233,WP-95_CR,Who's the tallest Khalifeh in the history of Islam?,Burj al Khalife,First Khalifeh.,Old Khalifeh.,None of above.,2,"['Old Khalifeh.', 'First Khalifeh.', 'Burj al Khalife', 'None of above.']","[2, 1, 0, 3]"
234,WP-99,What kind of bars won't keep a prisoner in jail?,Chocolate bars.,State prison bars.,County prison bars.,None of above.,0,"['Chocolate bars.', 'State prison bars.', 'County prison bars.', 'None of above.']","[0, 1, 2, 3]"
235,WP-99_SR,What sort of bars will not keep a prisoner locked up?,Chocolate bars.,State prison bars.,County prison bars.,None of above.,0,"['Chocolate bars.', 'County prison bars.', 'State prison bars.', 'None of above.']","[0, 2, 1, 3]"
236,WP-99_CR,What type of jam nobody likes?,Traffic jam.,A chutney jam.,A curd jam.,None of above.,1,"['A curd jam.', 'Traffic jam.', 'A chutney jam.', 'None of above.']","[2, 0, 1, 3]"
237,WP-100,What kind of can never needs a can-opener?,A pelican.,A salmon can.,A tomato can.,None of above.,1,"['A salmon can.', 'A pelican.', 'A tomato can.', 'None of above.']","[1, 0, 2, 3]"
238,WP-100_SR,Which cans never require a can opener?,A pelican.,A salmon can.,A tomato can.,None of above.,1,"['A salmon can.', 'A pelican.', 'A tomato can.', 'None of above.']","[1, 0, 2, 3]"
239,WP-100_CR,What kind of tree can hold items as human?,A palm tree.,An oak tree.,A redwood tree.,None of above.,1,"['A redwood tree.', 'A palm tree.', 'An oak tree.', 'None of above.']","[2, 0, 1, 3]"
240,WP-102,Why was 6 afraid of 9 on new years eve?,Because 9 ate (eight) 7.,Because 6 never saw 9 before.,Because 9(night) is coming.,None of above.,2,"['Because 6 never saw 9 before.', 'Because 9(night) is coming.', 'Because 9 ate (eight) 7.', 'None of above.']","[1, 2, 0, 3]"
241,WP-102_SR,"On New Year's Eve, why was 6 terrified of 9?",Because 9 ate (eight) 7.,Because 6 never saw 9 before.,Because 9(night) is coming.,None of above.,0,"['Because 9 ate (eight) 7.', 'Because 6 never saw 9 before.', 'Because 9(night) is coming.', 'None of above.']","[0, 1, 2, 3]"
242,WP-102_CR,What's the most fruitful number ?,A t(h)ree,A f(l)our.,A t(e)en.,None of above.,0,"['A t(h)ree', 'A f(l)our.', 'A t(e)en.', 'None of above.']","[0, 1, 2, 3]"
243,WP-103,What type of drum are you not able to play?,Conundrum.,Bass drum.,Tom drum.,None of above.,2,"['Bass drum.', 'Tom drum.', 'Conundrum.', 'None of above.']","[1, 2, 0, 3]"
244,WP-103_SR,What kind of drum do you not know how to play?,Conundrum.,Bass drum.,Tom drum.,None of above.,1,"['Bass drum.', 'Conundrum.', 'Tom drum.', 'None of above.']","[1, 0, 2, 3]"
245,WP-103_CR,What kind of music instrument you have to be careful not to break?,A percussion,A trumpet.,A violin.,None of above.,1,"['A violin.', 'A percussion', 'A trumpet.', 'None of above.']","[2, 0, 1, 3]"
246,WP-104,What is in the middle of India?,The letter 'd'.,The letter 'i'.,The letter 'a'.,None of above.,2,"[""The letter 'a'."", ""The letter 'i'."", ""The letter 'd'."", 'None of above.']","[2, 1, 0, 3]"
247,WP-104_SR,What exactly is in the centre of India?,The letter 'd'.,The letter 'i'.,The letter 'a'.,None of above.,2,"[""The letter 'a'."", ""The letter 'i'."", ""The letter 'd'."", 'None of above.']","[2, 1, 0, 3]"
248,WP-104_CR,What's in the center of Toronto,The letter 'o'.,The letter 't'.,The letter 'o'.,None of above.,2,"[""The letter 'o'."", ""The letter 't'."", ""The letter 'o'."", 'None of above.']","[2, 1, 0, 3]"
249,WP-105,Guess the next three letters in the series GTNTL.,"I, T, S.
","T,M,G.","T,N,T.",None of above.,2,"['T,N,T.', 'T,M,G.', 'I, T, S.\n', 'None of above.']","[2, 1, 0, 3]"
250,WP-105_SR,Guess next letters in the series GNL.,"I, T, S.
","T,M,G.","T,N,T.",None of above.,1,"['T,M,G.', 'I, T, S.\n', 'T,N,T.', 'None of above.']","[1, 0, 2, 3]"
251,WP-105_CR,Guess the following three Characters in the list GTF,T.C.I.,"G,T,F.","F,T,G.",None of above.,0,"['T.C.I.', 'F,T,G.', 'G,T,F.', 'None of above.']","[0, 2, 1, 3]"
252,WP-106,What letter comes next in the following sequence? D R M F S L T_,"D.
",T.,E.,None of above.,2,"['E.', 'T.', 'D.\n', 'None of above.']","[2, 1, 0, 3]"
253,WP-106_SR,"In the following sequence, which letter follows next? D R M F S L _","D.
",T.,E.,None of above.,1,"['T.', 'D.\n', 'E.', 'None of above.']","[1, 0, 2, 3]"
254,WP-106_CR,What letter comes next in the following sequence? H HE LI BE,B.,L.,H.,None of above.,2,"['L.', 'H.', 'B.', 'None of above.']","[1, 2, 0, 3]"
255,WP-107,What two words when combined hold the most letters?,"Post' and 'Office'.
",Language' and 'Book'.,Dictionary' and 'Alphabet.',None of above.,0,"[""Post' and 'Office'.\n"", ""Language' and 'Book'."", ""Dictionary' and 'Alphabet.'"", 'None of above.']","[0, 1, 2, 3]"
256,WP-107_SR,What two terms have the most letters when combined?,"Post' and 'Office'.
",Language' and 'Book'.,Dictionary' and 'Alphabet.',None of above.,0,"[""Post' and 'Office'.\n"", ""Dictionary' and 'Alphabet.'"", ""Language' and 'Book'."", 'None of above.']","[0, 2, 1, 3]"
257,WP-107_CR,In what book can you find the most number of notes?,A music book,A fiction book.,A comic book.,None of above.,0,"['A music book', 'A comic book.', 'A fiction book.', 'None of above.']","[0, 2, 1, 3]"
258,WP-108,"I am an odd number, but if you take away just a single letter, I become even. Can you guess my number?","Seven
",Five.,Eleven.,None of above.,2,"['Five.', 'Eleven.', 'Seven\n', 'None of above.']","[1, 2, 0, 3]"
259,WP-108_SR,"I am an odd number, but removing only one letter makes me even. Can you figure out what my number is?","Seven
",Five.,Eleven.,None of above.,2,"['Eleven.', 'Five.', 'Seven\n', 'None of above.']","[2, 1, 0, 3]"
260,WP-108_CR,I am an odd number more than 10 that removing two letters makes me even. Can you figure out what my number is ?,Eleven,Thirteen.,Seventeen.,None of above.,1,"['Thirteen.', 'Eleven', 'Seventeen.', 'None of above.']","[1, 0, 2, 3]"
261,WP-109,"I add six to eleven, and get five. Why is this correct?",Because we are talking the time.,Because we are talking the computer.,Because we are talking the price.,None of above.,1,"['Because we are talking the computer.', 'Because we are talking the time.', 'Because we are talking the price.', 'None of above.']","[1, 0, 2, 3]"
262,WP-109_SR,"I sum six by eleven and get five. Why is this the case?
",Because we are talking the time.,Because we are talking the computer.,Because we are talking the price.,None of above.,2,"['Because we are talking the computer.', 'Because we are talking the price.', 'Because we are talking the time.', 'None of above.']","[1, 2, 0, 3]"
263,WP-109_CR,How can you add 2 to 11 and get 1?,When we are talking the time.,When we are talking the computer.,When we are talking the price.,None of above.,0,"['When we are talking the time.', 'When we are talking the computer.', 'When we are talking the price.', 'None of above.']","[0, 1, 2, 3]"
264,WP-110,How do you make the number one disappear?,Add a 'G' .,Add a 'O' .,Add a 'E' .,None of above.,0,"[""Add a 'G' ."", ""Add a 'O' ."", ""Add a 'E' ."", 'None of above.']","[0, 1, 2, 3]"
265,WP-110_SR,How can you get the number one to vanish?,Add a 'G' .,Add a 'O' .,Add a 'E' .,None of above.,1,"[""Add a 'O' ."", ""Add a 'G' ."", ""Add a 'E' ."", 'None of above.']","[1, 0, 2, 3]"
266,WP-110_CR,How do you force Ron to run?,Replace the letter O with letter U,Replace the letter R with letter N.,Replace the letter N with letter U.,None of above.,1,"['Replace the letter R with letter N.', 'Replace the letter O with letter U', 'Replace the letter N with letter U.', 'None of above.']","[1, 0, 2, 3]"
267,WP-111,How do you spell the word 'Panda' in two letters?,P and A.,A and D.,P and D.,None of above.,0,"['P and A.', 'A and D.', 'P and D.', 'None of above.']","[0, 1, 2, 3]"
268,WP-111_SR,How do you spell 'Panda' with only two letters?,P and A.,A and D.,P and D.,None of above.,2,"['A and D.', 'P and D.', 'P and A.', 'None of above.']","[1, 2, 0, 3]"
269,WP-111_CR,How do you spell Mandy with only two letters?,M and Y.,M and D.,A and D.,None of above.,0,"['M and Y.', 'A and D.', 'M and D.', 'None of above.']","[0, 2, 1, 3]"
270,WP-112,What room do ghosts avoid?,The living room.,The rest room.,The bed room.,None of above.,1,"['The bed room.', 'The living room.', 'The rest room.', 'None of above.']","[2, 0, 1, 3]"
271,WP-112_SR,Do Ghosts avoid certain rooms?,The living room.,The rest room.,The bed room.,None of above.,0,"['The living room.', 'The bed room.', 'The rest room.', 'None of above.']","[0, 2, 1, 3]"
272,WP-112_CR,What music do computer engineers love most?,Electronic music,Rock music,Jazz music,None of above.,1,"['Rock music', 'Electronic music', 'Jazz music', 'None of above.']","[1, 0, 2, 3]"
273,WP-113,Name one fish that one can never catch?,Selfish.,Catfish.,Tuna.,None of above.,1,"['Catfish.', 'Selfish.', 'Tuna.', 'None of above.']","[1, 0, 2, 3]"
274,WP-113_SR,What kind of fish that are impossible to catch?,Selfish.,Catfish.,Tuna.,None of above.,0,"['Selfish.', 'Catfish.', 'Tuna.', 'None of above.']","[0, 1, 2, 3]"
275,WP-113_CR,What type of fish will repeat your words one by one?,Parrot fish,Catfish.,Tuna.,None of above.,0,"['Parrot fish', 'Catfish.', 'Tuna.', 'None of above.']","[0, 1, 2, 3]"
276,WP-114,What kind of money do vampires use?,Blood money.,New money.,Old money.,None of above.,0,"['Blood money.', 'Old money.', 'New money.', 'None of above.']","[0, 2, 1, 3]"
277,WP-114_SR,What type of currency do vampires use?,Blood money.,New money.,Old money.,None of above.,1,"['New money.', 'Blood money.', 'Old money.', 'None of above.']","[1, 0, 2, 3]"
278,WP-114_CR,What type of currency do zombia use?,Blood money.,New money.,Old money.,None of above.,0,"['Blood money.', 'Old money.', 'New money.', 'None of above.']","[0, 2, 1, 3]"
279,WP-115,What TV program should you watch in the bathtub?,Soap operas.,Talk show.,Sports live.,None of above.,0,"['Soap operas.', 'Sports live.', 'Talk show.', 'None of above.']","[0, 2, 1, 3]"
280,WP-115_SR,What TV show should you watch in the tub?,Soap operas.,Talk show.,Sports live.,None of above.,0,"['Soap operas.', 'Talk show.', 'Sports live.', 'None of above.']","[0, 1, 2, 3]"
281,WP-115_CR,What TV show should people in serious denial watch ?,Reality TV shows,Soap operas.,Sports live.,None of above.,0,"['Reality TV shows', 'Sports live.', 'Soap operas.', 'None of above.']","[0, 2, 1, 3]"
282,WP-116,How did the champ fix the leaky facet?,With a monkey wrench.,With an adjustable wrench.,With a stubby wrench.,None of above.,1,"['With an adjustable wrench.', 'With a monkey wrench.', 'With a stubby wrench.', 'None of above.']","[1, 0, 2, 3]"
283,WP-116_SR,How did the champ repair the leaking facet?,With a monkey wrench.,With an adjustable wrench.,With a stubby wrench.,None of above.,1,"['With an adjustable wrench.', 'With a monkey wrench.', 'With a stubby wrench.', 'None of above.']","[1, 0, 2, 3]"
284,WP-116_CR,How did the zookeeper repair the leaking facet?,With a monkey wrench.,With an adjustable wrench.,With a stubby wrench.,None of above.,2,"['With an adjustable wrench.', 'With a stubby wrench.', 'With a monkey wrench.', 'None of above.']","[1, 2, 0, 3]"
285,WP-117,"What starts with a T, ends with a T and has T in it?",Teapot.,Trust,Tookit.,None of above.,2,"['Tookit.', 'Trust', 'Teapot.', 'None of above.']","[2, 1, 0, 3]"
286,WP-117_SR,"What begins with a T, finishes with a T, and contains T?",Teapot.,Trust,Tookit.,None of above.,1,"['Tookit.', 'Teapot.', 'Trust', 'None of above.']","[2, 0, 1, 3]"
287,WP-117_CR,What is inside a C that starts with W?,Water.,Wisdom.,Wall.,None of above.,2,"['Wall.', 'Wisdom.', 'Water.', 'None of above.']","[2, 1, 0, 3]"
288,WP-118,"What begins with 'E', ends with 'E', and only has one letter in it?",Envelope.,Evolve.,Eagle.,None of above.,2,"['Evolve.', 'Eagle.', 'Envelope.', 'None of above.']","[1, 2, 0, 3]"
289,WP-118_SR,"What has only one letter inside, a 'E' at the beginning and a 'E' at the end?",Envelope.,Evolve.,Eagle.,None of above.,1,"['Evolve.', 'Envelope.', 'Eagle.', 'None of above.']","[1, 0, 2, 3]"
290,WP-118_CR,"What begins with 'M', ends with 'L', and only has one letter in it?",Mail.,Mall.,Meal.,None of above.,0,"['Mail.', 'Meal.', 'Mall.', 'None of above.']","[0, 2, 1, 3]"
291,WP-119,What falls down but never breaks?,Nightfall.,Waterfall.,Freefall.,None of above.,0,"['Nightfall.', 'Waterfall.', 'Freefall.', 'None of above.']","[0, 1, 2, 3]"
292,WP-119_SR,What crumbles but never breaks?,Nightfall.,Waterfall.,Freefall.,None of above.,0,"['Nightfall.', 'Waterfall.', 'Freefall.', 'None of above.']","[0, 1, 2, 3]"
293,WP-119_CR,What is it that falls yet doesn't change at all in shape?,Waterfall,Landfall.,Freefall.,None of above.,0,"['Waterfall', 'Landfall.', 'Freefall.', 'None of above.']","[0, 1, 2, 3]"
294,WP-120,"How can you make ""ten"" out of ""net""?",Just flip it around.,"Remove the letter ""e"".","Move the letter ""t"" to the end.",None of above.,0,"['Just flip it around.', 'Remove the letter ""e"".', 'Move the letter ""t"" to the end.', 'None of above.']","[0, 1, 2, 3]"
295,WP-120_SR,"How do you turn ""net"" into ""ten""?",Just flip it around.,"Remove the letter ""e"".","Move the letter ""t"" to the end.",None of above.,2,"['Move the letter ""t"" to the end.', 'Remove the letter ""e"".', 'Just flip it around.', 'None of above.']","[2, 1, 0, 3]"
296,WP-120_CR," How do you turn ""tip"" into ""pit""?",Just flip it.,"Remove the letter ""i"".","Move the letter ""t"" to the end.",None of above.,2,"['Remove the letter ""i"".', 'Move the letter ""t"" to the end.', 'Just flip it.', 'None of above.']","[1, 2, 0, 3]"
297,WP-121,"What is found at the beginning of eternity, the end of time and space, the start of every end and the end of every race?",The letter 'E'.,The letter 'B'.,The letter 'R'.,None of above.,0,"[""The letter 'E'."", ""The letter 'R'."", ""The letter 'B'."", 'None of above.']","[0, 2, 1, 3]"
298,WP-121_SR,"At the start of eternity, the end of time and space, the beginning of every end, and the end of every race, what is discovered?",The letter 'E'.,The letter 'B'.,The letter 'R'.,None of above.,0,"[""The letter 'E'."", ""The letter 'B'."", ""The letter 'R'."", 'None of above.']","[0, 1, 2, 3]"
299,WP-121_CR,"What can be found in the center of gravity and universe, at the start of growth and guidance, but it's nowhere in the past or future?",The letter 'G'.,The letter 'A'.,The letter 'Y'.,None of above.,2,"[""The letter 'A'."", ""The letter 'Y'."", ""The letter 'G'."", 'None of above.']","[1, 2, 0, 3]"
300,WP-123,What is the most shocking city?,Electricity.,Inner city.,Urban city.,None of above.,2,"['Urban city.', 'Inner city.', 'Electricity.', 'None of above.']","[2, 1, 0, 3]"
301,WP-123_SR,Which city is the most shocking?,Electricity.,Inner city.,Urban city.,None of above.,2,"['Urban city.', 'Inner city.', 'Electricity.', 'None of above.']","[2, 1, 0, 3]"
302,WP-123_CR,What is the most fast city?,Velocity.,Inner city.,Urban city.,None of above.,2,"['Urban city.', 'Inner city.', 'Velocity.', 'None of above.']","[2, 1, 0, 3]"
303,WP-126,What kind of ship has two mates but no captain?,Partnership.,Spaceship.,Battleship.,None of above.,0,"['Partnership.', 'Battleship.', 'Spaceship.', 'None of above.']","[0, 2, 1, 3]"
304,WP-126_SR,What kind of ship lacks a captain but has two mates?,Partnership.,Spaceship.,Battleship.,None of above.,1,"['Battleship.', 'Partnership.', 'Spaceship.', 'None of above.']","[2, 0, 1, 3]"
305,WP-126_CR,What kind of ship lacks a captain but has money?,Scholarship,Spaceship.,Battleship.,None of above.,0,"['Scholarship', 'Battleship.', 'Spaceship.', 'None of above.']","[0, 2, 1, 3]"
306,WP-128,What kind of a cup doesn’t hold water?,A cupcake.,A coffee cup.,A teacup.,None of above.,1,"['A teacup.', 'A cupcake.', 'A coffee cup.', 'None of above.']","[2, 0, 1, 3]"
307,WP-128_SR,What kind of cup is incapable of holding water?,A cupcake.,A coffee cup.,A teacup.,None of above.,2,"['A teacup.', 'A coffee cup.', 'A cupcake.', 'None of above.']","[2, 1, 0, 3]"
308,WP-128_CR,What kind of cup can hold the world?,World Cup.,Coffee cup.,Teacup.,None of above.,2,"['Teacup.', 'Coffee cup.', 'World Cup.', 'None of above.']","[2, 1, 0, 3]"
309,WP-129,What kind of house weighs the least?,A lighthouse.,A beach house.,A treehouse.,None of above.,0,"['A lighthouse.', 'A beach house.', 'A treehouse.', 'None of above.']","[0, 1, 2, 3]"
310,WP-129_SR,What kind of house is the lightest in weight?,A lighthouse.,A beach house.,A treehouse.,None of above.,1,"['A beach house.', 'A lighthouse.', 'A treehouse.', 'None of above.']","[1, 0, 2, 3]"
311,WP-129_CR,What kind of house have most plants?,Greenhouse.,Farmhouse.,Doghouse.,None of above.,2,"['Doghouse.', 'Farmhouse.', 'Greenhouse.', 'None of above.']","[2, 1, 0, 3]"
312,WP-131,What is a boxer’s favorite drink?,Punch.,Coke.,Sprite.,None of above.,1,"['Coke.', 'Punch.', 'Sprite.', 'None of above.']","[1, 0, 2, 3]"
313,WP-131_SR,What beverage does a boxer like to drink?,Punch.,Coke.,Sprite.,None of above.,2,"['Coke.', 'Sprite.', 'Punch.', 'None of above.']","[1, 2, 0, 3]"
314,WP-131_CR,What is a gardener's favorite type of music?,Rock.,Jazz.,Blue.,None of above.,0,"['Rock.', 'Blue.', 'Jazz.', 'None of above.']","[0, 2, 1, 3]"
315,WP-132,What do you call a bear with no ear?,"""B"" .","""E"" .","""R"" .",None of above.,2,"['""E"" .', '""R"" .', '""B"" .', 'None of above.']","[1, 2, 0, 3]"
316,WP-132_SR,What is a bear known as when it has no ears?,"""B"" .","""E"" .","""R"" .",None of above.,2,"['""E"" .', '""R"" .', '""B"" .', 'None of above.']","[1, 2, 0, 3]"
317,WP-132_CR,What do you call a fish without an eye?,Fsh.,Fis.,Fish.,None of above.,1,"['Fis.', 'Fsh.', 'Fish.', 'None of above.']","[1, 0, 2, 3]"
318,WP-133,What kind of beans won't grow in a garden?,Jelly beans.,Green beans.,Soy beans.,None of above.,2,"['Soy beans.', 'Green beans.', 'Jelly beans.', 'None of above.']","[2, 1, 0, 3]"
319,WP-133_SR,Which beans cannot be grown in a garden?,Jelly beans.,Green beans.,Soy beans.,None of above.,0,"['Jelly beans.', 'Soy beans.', 'Green beans.', 'None of above.']","[0, 2, 1, 3]"
320,WP-133_CR,What kind of beans is good at marathon？,Runner beans.,Green beans.,Soy beans.,None of above.,2,"['Soy beans.', 'Green beans.', 'Runner beans.', 'None of above.']","[2, 1, 0, 3]"
321,WP-135,What's a computer's favorite snack?,Chips.,Cookie.,Candy.,None of above.,1,"['Cookie.', 'Chips.', 'Candy.', 'None of above.']","[1, 0, 2, 3]"
322,WP-135_SR,What is a computer's preferred treat?,Chips.,Cookie.,Candy.,None of above.,1,"['Cookie.', 'Chips.', 'Candy.', 'None of above.']","[1, 0, 2, 3]"
323,WP-135_CR,What's a light bulb's favorite kind of news?,Current news.,Sports news.,Marketing news.,None of above.,0,"['Current news.', 'Marketing news.', 'Sports news.', 'None of above.']","[0, 2, 1, 3]"
324,WP-136,What type of butter can actually fly?,Butterfly.,Peanut butter.,Almond butter.,None of above.,0,"['Butterfly.', 'Peanut butter.', 'Almond butter.', 'None of above.']","[0, 1, 2, 3]"
325,WP-136_SR,What kind of butter is really able to fly?,Butterfly.,Peanut butter.,Almond butter.,None of above.,2,"['Almond butter.', 'Peanut butter.', 'Butterfly.', 'None of above.']","[2, 1, 0, 3]"
326,WP-136_CR,What kind of fish is capable of performing operations?,Surgeonfish.,Catfish.,Tuna.,None of above.,2,"['Catfish.', 'Tuna.', 'Surgeonfish.', 'None of above.']","[1, 2, 0, 3]"
327,WP-138,What kind of ring is square?,A boxing ring.,A wedding ring.,A ear ring.,None of above.,2,"['A wedding ring.', 'A ear ring.', 'A boxing ring.', 'None of above.']","[1, 2, 0, 3]"
328,WP-138_SR,"Square is a type of what kind of ""ring""?",A boxing ring.,A wedding ring.,A ear ring.,None of above.,0,"['A boxing ring.', 'A wedding ring.', 'A ear ring.', 'None of above.']","[0, 1, 2, 3]"
329,WP-138_CR,what rings are common in bars but no one wears them on their fingers.,A smoke ring.,A ear ring.,A wedding ring.,None of above.,2,"['A wedding ring.', 'A ear ring.', 'A smoke ring.', 'None of above.']","[2, 1, 0, 3]"
330,WP-139,What type of bar doesn't serve alcohol?,Sandbar.,Hotel bar.,Cocktail bar.,None of above.,1,"['Cocktail bar.', 'Sandbar.', 'Hotel bar.', 'None of above.']","[2, 0, 1, 3]"
331,WP-139_SR,What kind of bar doesn't offer alcoholic beverages?,Sandbar.,Hotel bar.,Cocktail bar.,None of above.,1,"['Hotel bar.', 'Sandbar.', 'Cocktail bar.', 'None of above.']","[1, 0, 2, 3]"
332,WP-139_CR,What kind of bar doesn't offer alcoholic beverages?,Soundbar.,Hotel bar.,Cocktail bar.,None of above.,1,"['Hotel bar.', 'Soundbar.', 'Cocktail bar.', 'None of above.']","[1, 0, 2, 3]"
333,WP-141,What type of ham can you not eat?,Birmingham.,Smoked ham.,Cured ham.,None of above.,0,"['Birmingham.', 'Cured ham.', 'Smoked ham.', 'None of above.']","[0, 2, 1, 3]"
334,WP-141_SR,What kind of ham are you not allowed to eat?,Birmingham.,Smoked ham.,Cured ham.,None of above.,1,"['Smoked ham.', 'Birmingham.', 'Cured ham.', 'None of above.']","[1, 0, 2, 3]"
335,WP-141_CR,Which ham has the best springiness?,Slingsham.,Honey ham.,Sliced ham.,None of above.,2,"['Sliced ham.', 'Honey ham.', 'Slingsham.', 'None of above.']","[2, 1, 0, 3]"
336,WP-142,What type of lamp doesn't provide light?,Clamp.,LED lamp.,Oil lamp.,None of above.,0,"['Clamp.', 'LED lamp.', 'Oil lamp.', 'None of above.']","[0, 1, 2, 3]"
337,WP-142_SR,What kind of lamp emits no light?,Clamp.,LED lamp.,Oil lamp.,None of above.,2,"['Oil lamp.', 'LED lamp.', 'Clamp.', 'None of above.']","[2, 1, 0, 3]"
338,WP-142_CR,What kind of lamp emits no light?,Enclamp.,Streetlamp.,Gaslamp.,None of above.,1,"['Streetlamp.', 'Enclamp.', 'Gaslamp.', 'None of above.']","[1, 0, 2, 3]"
339,WP-143,What kind of pot can't you cook anything in?,Jackpot.,Crockpot.,Cooking pot.,None of above.,2,"['Crockpot.', 'Cooking pot.', 'Jackpot.', 'None of above.']","[1, 2, 0, 3]"
340,WP-143_SR,What kind of pot can't you use to prepare food?,Jackpot.,Crockpot.,Cooking pot.,None of above.,2,"['Cooking pot.', 'Crockpot.', 'Jackpot.', 'None of above.']","[2, 1, 0, 3]"
341,WP-143_CR,What type of pot never boils?,Flowerpot.,Teapot.,Coffee pot.,None of above.,0,"['Flowerpot.', 'Teapot.', 'Coffee pot.', 'None of above.']","[0, 1, 2, 3]"
342,WP-144,What kind of case can't hold anything?,Lowercase.,Bookcase.,Suitcase.,None of above.,1,"['Suitcase.', 'Lowercase.', 'Bookcase.', 'None of above.']","[2, 0, 1, 3]"
343,WP-144_SR,What kind of case is incapable of holding anything?,Lowercase.,Bookcase.,Suitcase.,None of above.,1,"['Bookcase.', 'Lowercase.', 'Suitcase.', 'None of above.']","[1, 0, 2, 3]"
344,WP-144_CR,What kind of case contains many levels?,Staircase.,Bookcase.,Suitcase.,None of above.,1,"['Bookcase.', 'Staircase.', 'Suitcase.', 'None of above.']","[1, 0, 2, 3]"
345,WP-145,What type of pool can you never swim in?,Carpool.,Spa pool.,Wading pool.,None of above.,0,"['Carpool.', 'Wading pool.', 'Spa pool.', 'None of above.']","[0, 2, 1, 3]"
346,WP-145_SR,What kind of pool are you unable to swim?,Carpool.,Spa pool.,Wading pool.,None of above.,0,"['Carpool.', 'Spa pool.', 'Wading pool.', 'None of above.']","[0, 1, 2, 3]"
347,WP-145_CR,What kind of pool never needs cleaning?,Carpool.,Spa pool.,Wading pool.,None of above.,1,"['Spa pool.', 'Carpool.', 'Wading pool.', 'None of above.']","[1, 0, 2, 3]"
348,WP-146,What kind of fast doesn't involve running?,Breakfast.,Chasing fast.,Runing fast.,None of above.,2,"['Runing fast.', 'Chasing fast.', 'Breakfast.', 'None of above.']","[2, 1, 0, 3]"
349,WP-146_SR,Which fast does not involve running?,Breakfast.,Chasing fast.,Runing fast.,None of above.,2,"['Chasing fast.', 'Runing fast.', 'Breakfast.', 'None of above.']","[1, 2, 0, 3]"
350,WP-146_CR,"
which break is the shortest?",Breakfast.,Jailbreak.,Spring break.,None of above.,2,"['Jailbreak.', 'Spring break.', 'Breakfast.', 'None of above.']","[1, 2, 0, 3]"
351,WP-147,What type of board can't you play games on?,Keyboard.,Chessboard.,Dartboard.,None of above.,2,"['Dartboard.', 'Chessboard.', 'Keyboard.', 'None of above.']","[2, 1, 0, 3]"
352,WP-147_SR,What kind of board cannot be used for game play?,Keyboard.,Chessboard.,Dartboard.,None of above.,2,"['Chessboard.', 'Dartboard.', 'Keyboard.', 'None of above.']","[1, 2, 0, 3]"
353,WP-147_CR,What kind of board will your father like best?,Motherboard.,Chessboard.,Whiteboard.,None of above.,0,"['Motherboard.', 'Whiteboard.', 'Chessboard.', 'None of above.']","[0, 2, 1, 3]"
354,WP-148,What type of bank doesn't hold money?,Snowbank.,Investment bank.,Central bank.,None of above.,0,"['Snowbank.', 'Investment bank.', 'Central bank.', 'None of above.']","[0, 1, 2, 3]"
355,WP-148_SR,What kind of bank doesn't keep cash on hand?,Snowbank.,Investment bank.,Central bank.,None of above.,0,"['Snowbank.', 'Investment bank.', 'Central bank.', 'None of above.']","[0, 1, 2, 3]"
356,WP-148_CR,What kind of bank doesn't have money on hand?,Riverbank.,Investment bank.,Central bank.,None of above.,0,"['Riverbank.', 'Investment bank.', 'Central bank.', 'None of above.']","[0, 1, 2, 3]"
357,WP-149,What type of root can't be eaten?,Square root.,Carrot root.,Cabbage root.,None of above.,2,"['Carrot root.', 'Cabbage root.', 'Square root.', 'None of above.']","[1, 2, 0, 3]"
358,WP-149_SR,What kind of root cannot be consumed?,Square root.,Carrot root.,Cabbage root.,None of above.,0,"['Square root.', 'Carrot root.', 'Cabbage root.', 'None of above.']","[0, 1, 2, 3]"
359,WP-149_CR,What sort of root should one not eat?,Cube root.,Carrot root.,Cabbage root.,None of above.,0,"['Cube root.', 'Cabbage root.', 'Carrot root.', 'None of above.']","[0, 2, 1, 3]"
360,WP-150,What kind of mouse can't you feed cheese to?,A computer mouse.,An old mouse.,A hungry mouse.,None of above.,0,"['A computer mouse.', 'A hungry mouse.', 'An old mouse.', 'None of above.']","[0, 2, 1, 3]"
361,WP-150_SR,What type of mouse are ineligible for cheese feeding?,A computer mouse.,An old mouse.,A hungry mouse.,None of above.,0,"['A computer mouse.', 'A hungry mouse.', 'An old mouse.', 'None of above.']","[0, 2, 1, 3]"
362,WP-150_CR,The kind of mouse engineers like most？,A computer mouse.,A young mouse.,A white mouse.,None of above.,2,"['A young mouse.', 'A white mouse.', 'A computer mouse.', 'None of above.']","[1, 2, 0, 3]"
363,WP-151,What kind of plant can't photosynthesize?,A power plant.,An indoor plant.,A house plant,None of above.,2,"['An indoor plant.', 'A house plant', 'A power plant.', 'None of above.']","[1, 2, 0, 3]"
364,WP-151_SR,Which plants are incapable of photosynthesizing?,A power plant.,An indoor plant.,A house plant,None of above.,1,"['A house plant', 'A power plant.', 'An indoor plant.', 'None of above.']","[2, 0, 1, 3]"
365,WP-151_CR,What plants can not photosyntheszie but can produce energy.,A nuclear plant.,An aquatic plant.,A wetland plant.,None of above.,1,"['A wetland plant.', 'A nuclear plant.', 'An aquatic plant.', 'None of above.']","[2, 0, 1, 3]"
366,WP-152,What kind of wood never gets chopped?,Hollywood.,Softwood.,Hardwood.,None of above.,1,"['Softwood.', 'Hollywood.', 'Hardwood.', 'None of above.']","[1, 0, 2, 3]"
367,WP-152_SR,What sort of wood is never cut?,Hollywood.,Softwood.,Hardwood.,None of above.,0,"['Hollywood.', 'Hardwood.', 'Softwood.', 'None of above.']","[0, 2, 1, 3]"
368,WP-152_CR,What sort of wood is never cut?,Sherwood.,Softwood.,Hardwood.,None of above.,1,"['Hardwood.', 'Sherwood.', 'Softwood.', 'None of above.']","[2, 0, 1, 3]"
369,WP-154,What type of dish doesn't hold food?,A satellite dish.,A side dish.,A fish dish.,None of above.,0,"['A satellite dish.', 'A fish dish.', 'A side dish.', 'None of above.']","[0, 2, 1, 3]"
370,WP-154_SR,What kind of dish cannot accommodate food?,A satellite dish.,A side dish.,A fish dish.,None of above.,0,"['A satellite dish.', 'A fish dish.', 'A side dish.', 'None of above.']","[0, 2, 1, 3]"
371,WP-154_CR,What sort of dish is incapable of holding food?,Petri dish.,Side dish.,Fish dish.,None of above.,1,"['Side dish.', 'Petri dish.', 'Fish dish.', 'None of above.']","[1, 0, 2, 3]"
372,WP-155,What kind of bottle can't hold a liquid?,A bottle neck.,A water bottle.,A glass bottle.,None of above.,0,"['A bottle neck.', 'A glass bottle.', 'A water bottle.', 'None of above.']","[0, 2, 1, 3]"
373,WP-155_SR,What sort of bottle is incapable of holding a liquid?,A bottle neck.,A water bottle.,A glass bottle.,None of above.,2,"['A glass bottle.', 'A water bottle.', 'A bottle neck.', 'None of above.']","[2, 1, 0, 3]"
374,WP-155_CR,What kind of bottle is smallest.,Baby bottle.,Wine bottle.,Soda bottle.,None of above.,2,"['Soda bottle.', 'Wine bottle.', 'Baby bottle.', 'None of above.']","[2, 1, 0, 3]"
375,WP-156,What kind of note can't be played?,A footnote.,A music note.,A high note.,None of above.,1,"['A music note.', 'A footnote.', 'A high note.', 'None of above.']","[1, 0, 2, 3]"
376,WP-156_SR,What sort of note is impossible to play?,A footnote.,A music note.,A high note.,None of above.,2,"['A high note.', 'A music note.', 'A footnote.', 'None of above.']","[2, 1, 0, 3]"
377,WP-156_CR,What sort of note is valuable?,A banknote.,A music note.,A high note.,None of above.,1,"['A music note.', 'A banknote.', 'A high note.', 'None of above.']","[1, 0, 2, 3]"
378,WP-158,What kind of watch can't tell time?,A watchdog.,A pocket watch.,A wristwatch.,None of above.,2,"['A pocket watch.', 'A wristwatch.', 'A watchdog.', 'None of above.']","[1, 2, 0, 3]"
379,WP-158_SR,What sort of watch is unable to tell the time?,A watchdog.,A pocket watch.,A wristwatch.,None of above.,2,"['A pocket watch.', 'A wristwatch.', 'A watchdog.', 'None of above.']","[1, 2, 0, 3]"
380,WP-158_CR,What kind of watch only works at night?,Nightwatch.,Stopwatch.,Wristwatch.,None of above.,1,"['Stopwatch.', 'Nightwatch.', 'Wristwatch.', 'None of above.']","[1, 0, 2, 3]"
381,WP-159,What type of pump doesn't inflate anything?,Pumpkin.,Bicycle pump.,Air pump.,None of above.,1,"['Bicycle pump.', 'Pumpkin.', 'Air pump.', 'None of above.']","[1, 0, 2, 3]"
382,WP-159_SR,What kind of pump is incapable of inflating anything?,Pumpkin.,Bicycle pump.,Air pump.,None of above.,2,"['Bicycle pump.', 'Air pump.', 'Pumpkin.', 'None of above.']","[1, 2, 0, 3]"
383,WP-159_CR,What type of pan doesn't help with cooking?,Company.,Frying pan.,Saucepan.,None of above.,2,"['Saucepan.', 'Frying pan.', 'Company.', 'None of above.']","[2, 1, 0, 3]"
384,WP-160,What type of ink never leaves a stain?,Link.,Red ink.,Blue ink.,None of above.,0,"['Link.', 'Blue ink.', 'Red ink.', 'None of above.']","[0, 2, 1, 3]"
385,WP-160_SR,What kind of ink doesn't leave stains behind?,Link.,Red ink.,Blue ink.,None of above.,0,"['Link.', 'Red ink.', 'Blue ink.', 'None of above.']","[0, 1, 2, 3]"
386,WP-160_CR,What type of ball can't be thrown or kicked?,Eyeball.,Football.,Baseball.,None of above.,0,"['Eyeball.', 'Baseball.', 'Football.', 'None of above.']","[0, 2, 1, 3]"
387,WP-161,What type of art doesn't hang in a gallery?,Tart.,Fine art.,Contemporary art.,None of above.,2,"['Contemporary art.', 'Fine art.', 'Tart.', 'None of above.']","[2, 1, 0, 3]"
388,WP-161_SR,What kind of artwork isn't displayed in galleries?,Tart.,Fine art.,Contemporary art.,None of above.,2,"['Fine art.', 'Contemporary art.', 'Tart.', 'None of above.']","[1, 2, 0, 3]"
389,WP-161_CR,What kind of man can't walk or talk?,A snowman.,A business man.,A fireman.,None of above.,1,"['A business man.', 'A snowman.', 'A fireman.', 'None of above.']","[1, 0, 2, 3]"
390,WP-162,What kind of bell doesn't make a sound?,A dumbbell.,A doorbell.,A cowbell.,None of above.,2,"['A doorbell.', 'A cowbell.', 'A dumbbell.', 'None of above.']","[1, 2, 0, 3]"
391,WP-162_SR,Which sort of bell doesn't ring?,A dumbbell.,A doorbell.,A cowbell.,None of above.,0,"['A dumbbell.', 'A doorbell.', 'A cowbell.', 'None of above.']","[0, 1, 2, 3]"
392,WP-162_CR," What kind of ""stone"" can't be found in a quarry?",Milestone.,Cobblestone.,Sandstone.,None of above.,2,"['Cobblestone.', 'Sandstone.', 'Milestone.', 'None of above.']","[1, 2, 0, 3]"
393,WP-163,What type of ice never melts?,Dice.,Glacier ice.,Flaked ice.,None of above.,0,"['Dice.', 'Flaked ice.', 'Glacier ice.', 'None of above.']","[0, 2, 1, 3]"
394,WP-163_SR,What kind of ice doesn't melt?,Dice.,Glacier ice.,Flaked ice.,None of above.,1,"['Glacier ice.', 'Dice.', 'Flaked ice.', 'None of above.']","[1, 0, 2, 3]"
395,WP-163_CR,What kind of ice doesn't contain water?,Dry ice.,Flaked ice.,Glacier ice.,None of above.,1,"['Flaked ice.', 'Dry ice.', 'Glacier ice.', 'None of above.']","[1, 0, 2, 3]"
